-- MariaDB dump 10.19  Distrib 10.4.32-MariaDB, for Win64 (AMD64)
--
-- Host: localhost    Database: sigso_usuario
-- ------------------------------------------------------
-- Server version	10.4.32-MariaDB

/*!40101 SET @OLD_CHARACTER_SET_CLIENT=@@CHARACTER_SET_CLIENT */;
/*!40101 SET @OLD_CHARACTER_SET_RESULTS=@@CHARACTER_SET_RESULTS */;
/*!40101 SET @OLD_COLLATION_CONNECTION=@@COLLATION_CONNECTION */;
/*!40101 SET NAMES utf8mb4 */;
/*!40103 SET @OLD_TIME_ZONE=@@TIME_ZONE */;
/*!40103 SET TIME_ZONE='+00:00' */;
/*!40014 SET @OLD_UNIQUE_CHECKS=@@UNIQUE_CHECKS, UNIQUE_CHECKS=0 */;
/*!40014 SET @OLD_FOREIGN_KEY_CHECKS=@@FOREIGN_KEY_CHECKS, FOREIGN_KEY_CHECKS=0 */;
/*!40101 SET @OLD_SQL_MODE=@@SQL_MODE, SQL_MODE='NO_AUTO_VALUE_ON_ZERO' */;
/*!40111 SET @OLD_SQL_NOTES=@@SQL_NOTES, SQL_NOTES=0 */;

--
-- Current Database: `sigso_usuario`
--

/*!40000 DROP DATABASE IF EXISTS `sigso_usuario`*/;

CREATE DATABASE /*!32312 IF NOT EXISTS*/ `sigso_usuario` /*!40100 DEFAULT CHARACTER SET utf8 COLLATE utf8_unicode_ci */;

USE `sigso_usuario`;

--
-- Table structure for table `bitacora`
--

DROP TABLE IF EXISTS `bitacora`;
/*!40101 SET @saved_cs_client     = @@character_set_client */;
/*!40101 SET character_set_client = utf8 */;
CREATE TABLE `bitacora` (
  `id_bitacora` int(11) NOT NULL AUTO_INCREMENT,
  `usuario` varchar(45) CHARACTER SET ascii COLLATE ascii_general_ci DEFAULT NULL,
  `modulo` varchar(45) NOT NULL,
  `accion_bitacora` varchar(100) NOT NULL,
  `fecha` date NOT NULL,
  `hora` time NOT NULL,
  PRIMARY KEY (`id_bitacora`),
  KEY `usuario` (`usuario`),
  CONSTRAINT `bitacora_ibfk_1` FOREIGN KEY (`usuario`) REFERENCES `usuario` (`nombre_usuario`) ON DELETE SET NULL ON UPDATE CASCADE
) ENGINE=InnoDB AUTO_INCREMENT=6701 DEFAULT CHARSET=utf8 COLLATE=utf8_unicode_ci;
/*!40101 SET character_set_client = @saved_cs_client */;

--
-- Dumping data for table `bitacora`
--

LOCK TABLES `bitacora` WRITE;
/*!40000 ALTER TABLE `bitacora` DISABLE KEYS */;
INSERT INTO `bitacora` VALUES (1,'lz2712','Bitácora','(lz2712), Ingresó al módulo de Bitácora','2025-05-15','18:14:38'),(6306,'cabrerajorge','Dashboard','(cabrerajorge), Ingresó al Módulo de Dashboard','2025-06-30','16:50:39'),(6307,'cabrerajorge','Módulo Sistema','(cabrerajorge), comprobó los módulos del sistema','2025-06-30','16:52:04'),(6308,'cabrerajorge','Usuario','Cerró sesión','2025-06-30','16:52:31'),(6309,NULL,'Login/Usuario','(V-31843937), Usuario y/o contraseña incorrectos','2025-06-30','16:52:34'),(6310,'cabrerajorge','Login/Usuario','(cabrerajorge), Inició sesión, ingresa al home','2025-06-30','16:53:26'),(6311,'cabrerajorge','Dashboard','(cabrerajorge), Ingresó al Módulo de Dashboard','2025-06-30','16:53:27'),(6312,'cabrerajorge','Usuario','Cerró sesión','2025-06-30','16:53:29'),(6313,'cabrerajorge','Login/Usuario','(cabrerajorge), Inició sesión, ingresa al home','2025-06-30','16:53:32'),(6314,'cabrerajorge','Dashboard','(cabrerajorge), Ingresó al Módulo de Dashboard','2025-06-30','16:53:33'),(6315,'cabrerajorge','Módulo Sistema','(cabrerajorge), cargó los módulos del sistema','2025-06-30','16:55:52'),(6316,'cabrerajorge','Módulo Sistema','(cabrerajorge), cargó los módulos del sistema','2025-06-30','16:56:19'),(6317,'cabrerajorge','Dashboard','(cabrerajorge), Ingresó al Módulo de Dashboard','2025-06-30','16:56:30'),(6318,'cabrerajorge','Usuario','Cerró sesión','2025-06-30','16:59:07'),(6319,'cabrerajorge','Login/Usuario','(cabrerajorge), Inició sesión, ingresa al home','2025-06-30','16:59:11'),(6320,'cabrerajorge','Dashboard','(cabrerajorge), Ingresó al Módulo de Dashboard','2025-06-30','16:59:12'),(6321,'cabrerajorge','Dashboard','(cabrerajorge), Ingresó al Módulo de Dashboard','2025-06-30','16:59:39'),(6322,'cabrerajorge','Dashboard','(cabrerajorge), Ingresó al Módulo de Dashboard','2025-06-30','16:59:40'),(6323,'cabrerajorge','Usuario','Cerró sesión','2025-06-30','16:59:42'),(6324,'cabrerajorge','Login/Usuario','(cabrerajorge), Inició sesión, ingresa al home','2025-06-30','16:59:45'),(6325,'cabrerajorge','Dashboard','(cabrerajorge), Ingresó al Módulo de Dashboard','2025-06-30','16:59:46'),(6326,'cabrerajorge','Dashboard','(cabrerajorge), Ingresó al Módulo de Dashboard','2025-06-30','17:02:11'),(6327,'cabrerajorge','Dashboard','(cabrerajorge), Ingresó al Módulo de Dashboard','2025-06-30','17:02:30'),(6328,'cabrerajorge','Dashboard','(cabrerajorge), Ingresó al Módulo de Dashboard','2025-06-30','17:06:29'),(6329,'cabrerajorge','Solicitud','(cabrerajorge), Ingresó al Módulo de Solicitud','2025-06-30','17:08:41'),(6330,'cabrerajorge','Solicitud','(cabrerajorge), Ingresó al Módulo de Solicitud','2025-06-30','17:09:07'),(6331,'cabrerajorge','Rol y Permiso','(cabrerajorge), permiso \'modificar\' denegado','2025-06-30','17:11:02'),(6332,'cabrerajorge','Rol y Permiso','(cabrerajorge), permiso \'modificar\' denegado','2025-06-30','17:11:09'),(6333,'cabrerajorge','Usuario','Cerró sesión','2025-06-30','17:11:13'),(6334,'cabrerajorge','Login/Usuario','(cabrerajorge), Inició sesión, ingresa al home','2025-06-30','17:11:16'),(6335,'cabrerajorge','Dashboard','(cabrerajorge), Ingresó al Módulo de Dashboard','2025-06-30','17:11:17'),(6336,'cabrerajorge','Rol y Permiso','(cabrerajorge), permiso \'modificar\' denegado','2025-06-30','17:13:00'),(6337,'cabrerajorge','Solicitudes','(cabrerajorge), Ingresó al módulo de Solicitudes, lugar: Mis servicios','2025-06-30','17:24:50'),(6338,'cabrerajorge','Solicitudes','(cabrerajorge), Ingresó al módulo de Solicitudes, lugar: Mis servicios','2025-06-30','17:30:58'),(6339,'cabrerajorge','Solicitudes','(cabrerajorge), Ingresó al módulo de Solicitudes, lugar: Mis servicios','2025-06-30','17:31:49'),(6340,'cabrerajorge','Solicitudes','(cabrerajorge), Ingresó al módulo de Solicitudes, lugar: Mis servicios','2025-06-30','18:04:29'),(6341,'cabrerajorge','Solicitudes','(cabrerajorge), Ingresó al módulo de Solicitudes, lugar: Mis servicios','2025-06-30','18:04:47'),(6342,'cabrerajorge','Solicitud','(cabrerajorge), Ingresó al Módulo de Solicitud','2025-06-30','18:04:50'),(6343,'cabrerajorge','Bien','(cabrerajorge), Ingresó al Módulo de Bienes','2025-06-30','18:04:53'),(6344,'cabrerajorge','Equipo','(cabrerajorge), Ingresó al Módulo de Equipos','2025-06-30','18:04:58'),(6345,'cabrerajorge','Material','(cabrerajorge), Ingresó al Módulo de Materiales','2025-06-30','18:05:00'),(6346,'cabrerajorge','Switch','(cabrerajorge), Ingresó al Módulo de Switch','2025-06-30','18:05:04'),(6347,'cabrerajorge','Rol y Permiso','(cabrerajorge), permiso \'modificar\' denegado','2025-06-30','18:05:37'),(6348,'cabrerajorge','Servicio','(cabrerajorge), Ingresó al Módulo de Servicios Técnicos','2025-06-30','18:07:48'),(6349,'cabrerajorge','Servicio','(cabrerajorge), Ingresó al Módulo de Servicios Técnicos','2025-06-30','18:08:05'),(6350,'cabrerajorge','Servicio','(cabrerajorge), Ingresó al Módulo de Servicios Técnicos','2025-06-30','18:08:13'),(6351,'cabrerajorge','Servicio','(cabrerajorge), Ingresó al Módulo de Servicios Técnicos','2025-06-30','18:08:47'),(6352,'cabrerajorge','Servicio','(cabrerajorge), Ingresó al Módulo de Servicios Técnicos','2025-06-30','18:10:12'),(6353,'cabrerajorge','Servicio','(cabrerajorge), Ingresó al Módulo de Servicios Técnicos','2025-06-30','18:11:40'),(6354,'cabrerajorge','Servicio','(cabrerajorge), Consultó la hoja de servicio #10','2025-06-30','18:12:01'),(6355,'cabrerajorge','Solicitud','(cabrerajorge), Ingresó al Módulo de Solicitud','2025-06-30','18:12:12'),(6356,'cabrerajorge','Solicitud','(cabrerajorge), Ingresó al Módulo de Solicitud','2025-06-30','18:14:09'),(6357,'cabrerajorge','Solicitud','(cabrerajorge), Ingresó al Módulo de Solicitud','2025-06-30','18:14:20'),(6358,'cabrerajorge','Solicitud','(cabrerajorge), Ingresó al Módulo de Solicitud','2025-06-30','18:14:40'),(6359,'cabrerajorge','Solicitud','(cabrerajorge), Ingresó al Módulo de Solicitud','2025-06-30','18:16:19'),(6360,'cabrerajorge','Solicitud','(cabrerajorge), Ingresó al Módulo de Solicitud','2025-06-30','18:16:41'),(6361,'cabrerajorge','Solicitud','(cabrerajorge), Ingresó al Módulo de Solicitud','2025-06-30','18:16:57'),(6362,'cabrerajorge','Solicitud','(cabrerajorge), Ingresó al Módulo de Solicitud','2025-06-30','18:17:26'),(6363,'cabrerajorge','Solicitud','(cabrerajorge), Ingresó al Módulo de Solicitud','2025-06-30','18:19:00'),(6364,'cabrerajorge','Solicitud','(cabrerajorge), Ingresó al Módulo de Solicitud','2025-06-30','18:20:10'),(6365,'cabrerajorge','Solicitud','(cabrerajorge), Ingresó al Módulo de Solicitud','2025-06-30','18:20:10'),(6366,'cabrerajorge','Solicitud','(cabrerajorge), Ingresó al Módulo de Solicitud','2025-06-30','18:20:35'),(6367,'cabrerajorge','Solicitud','(cabrerajorge), Ingresó al Módulo de Solicitud','2025-06-30','18:21:49'),(6368,'cabrerajorge','Solicitud','(cabrerajorge), Ingresó al Módulo de Solicitud','2025-06-30','18:22:58'),(6369,'cabrerajorge','Solicitud','(cabrerajorge), Ingresó al Módulo de Solicitud','2025-06-30','18:33:54'),(6370,'cabrerajorge','Solicitud','(cabrerajorge), Ingresó al Módulo de Solicitud','2025-06-30','18:34:15'),(6371,'cabrerajorge','Solicitud','(cabrerajorge), Ingresó al Módulo de Solicitud','2025-06-30','18:34:27'),(6372,'cabrerajorge','Solicitud','(cabrerajorge), Ingresó al Módulo de Solicitud','2025-06-30','18:34:48'),(6373,'cabrerajorge','Solicitud','(cabrerajorge), Ingresó al Módulo de Solicitud','2025-06-30','18:35:38'),(6374,'cabrerajorge','Solicitud','(cabrerajorge), Ingresó al Módulo de Solicitud','2025-06-30','18:35:50'),(6375,'cabrerajorge','Solicitud','(cabrerajorge), Ingresó al Módulo de Solicitud','2025-06-30','18:36:08'),(6376,'cabrerajorge','Solicitud','(cabrerajorge), Ingresó al Módulo de Solicitud','2025-06-30','18:37:12'),(6377,'cabrerajorge','Servicio','(cabrerajorge), Ingresó al Módulo de Servicios Técnicos','2025-06-30','18:38:33'),(6378,'cabrerajorge','Servicio','(cabrerajorge), Consultó la hoja de servicio #11','2025-06-30','18:38:36'),(6379,'cabrerajorge','Servicio','(cabrerajorge), Actualizó la hoja de servicio #11','2025-06-30','18:38:42'),(6380,'cabrerajorge','Servicio','(cabrerajorge), Consultó la hoja de servicio #11','2025-06-30','18:38:44'),(6381,'cabrerajorge','Servicio','(cabrerajorge), Consultó la hoja de servicio #11','2025-06-30','18:38:47'),(6382,'cabrerajorge','Servicio','(cabrerajorge), Consultó la hoja de servicio #11','2025-06-30','18:39:11'),(6383,'cabrerajorge','Servicio','(cabrerajorge), Consultó la hoja de servicio #11','2025-06-30','18:42:18'),(6384,'cabrerajorge','Login/Usuario','(cabrerajorge), Inició sesión, ingresa al home','2025-06-30','19:01:55'),(6385,'cabrerajorge','Dashboard','(cabrerajorge), Ingresó al Módulo de Dashboard','2025-06-30','19:01:56'),(6386,'cabrerajorge','Solicitudes','(cabrerajorge), Ingresó al módulo de Solicitudes, lugar: Mis servicios','2025-06-30','19:01:59'),(6387,'cabrerajorge','Servicio','(cabrerajorge), Ingresó al Módulo de Servicios Técnicos','2025-06-30','19:02:00'),(6388,'cabrerajorge','Servicio','(cabrerajorge), Consultó la hoja de servicio #11','2025-06-30','19:02:04'),(6389,'cabrerajorge','Servicio','(cabrerajorge), Consultó la hoja de servicio #11','2025-06-30','19:02:31'),(6390,'cabrerajorge','Servicio','(cabrerajorge), Ingresó al Módulo de Servicios Técnicos','2025-06-30','19:23:47'),(6391,'cabrerajorge','Servicio','(cabrerajorge), Consultó la hoja de servicio #11','2025-06-30','19:23:56'),(6392,'cabrerajorge','Servicio','(cabrerajorge), Consultó la hoja de servicio #12','2025-06-30','19:24:00'),(6393,'cabrerajorge','Servicio','(cabrerajorge), Ingresó al Módulo de Servicios Técnicos','2025-06-30','19:24:41'),(6394,'cabrerajorge','Servicio','(cabrerajorge), Consultó la hoja de servicio #11','2025-06-30','19:24:43'),(6395,'cabrerajorge','Servicio','(cabrerajorge), Ingresó al Módulo de Servicios Técnicos','2025-06-30','19:26:17'),(6396,'cabrerajorge','Servicio','(cabrerajorge), Consultó la hoja de servicio #11','2025-06-30','19:26:19'),(6397,'cabrerajorge','Servicio','(cabrerajorge), Ingresó al Módulo de Servicios Técnicos','2025-06-30','19:26:34'),(6398,'cabrerajorge','Servicio','(cabrerajorge), Ingresó al Módulo de Servicios Técnicos','2025-06-30','19:27:26'),(6399,'cabrerajorge','Servicio','(cabrerajorge), Ingresó al Módulo de Servicios Técnicos','2025-06-30','19:27:37'),(6400,'cabrerajorge','Servicio','(cabrerajorge), Ingresó al Módulo de Servicios Técnicos','2025-06-30','19:44:55'),(6401,'cabrerajorge','Servicio','(cabrerajorge), Consultó la hoja de servicio #11','2025-06-30','19:44:59'),(6402,'cabrerajorge','Servicio','(cabrerajorge), Consultó la hoja de servicio #11','2025-06-30','19:45:05'),(6403,'cabrerajorge','Servicio','(cabrerajorge), Ingresó al Módulo de Servicios Técnicos','2025-06-30','20:47:32'),(6404,'cabrerajorge','Servicio','(cabrerajorge), Consultó la hoja de servicio #11','2025-06-30','20:47:35'),(6405,'cabrerajorge','Servicio','(cabrerajorge), Ingresó al Módulo de Servicios Técnicos','2025-06-30','20:48:53'),(6406,'cabrerajorge','Servicio','(cabrerajorge), Consultó la hoja de servicio #11','2025-06-30','20:48:57'),(6407,'cabrerajorge','Servicio','(cabrerajorge), Consultó la hoja de servicio #11','2025-06-30','20:49:05'),(6408,'cabrerajorge','Servicio','(cabrerajorge), Actualizó la hoja de servicio #11','2025-06-30','20:49:08'),(6409,'cabrerajorge','Servicio','(cabrerajorge), Consultó la hoja de servicio #11','2025-06-30','20:49:09'),(6410,'cabrerajorge','Servicio','(cabrerajorge), Actualizó la hoja de servicio #11','2025-06-30','20:49:14'),(6411,'cabrerajorge','Servicio','(cabrerajorge), Consultó la hoja de servicio #11','2025-06-30','20:49:16'),(6412,'cabrerajorge','Servicio','(cabrerajorge), Ingresó al Módulo de Servicios Técnicos','2025-06-30','20:49:18'),(6413,'cabrerajorge','Servicio','(cabrerajorge), Consultó la hoja de servicio #12','2025-06-30','20:49:21'),(6414,'cabrerajorge','Servicio','(cabrerajorge), Consultó la hoja de servicio #11','2025-06-30','20:49:23'),(6415,'cabrerajorge','Servicio','(cabrerajorge), Actualizó la hoja de servicio #11','2025-06-30','20:49:48'),(6416,'cabrerajorge','Servicio','(cabrerajorge), Consultó la hoja de servicio #11','2025-06-30','20:49:49'),(6417,'cabrerajorge','Servicio','(cabrerajorge), Ingresó al Módulo de Servicios Técnicos','2025-06-30','20:50:45'),(6418,'cabrerajorge','Servicio','(cabrerajorge), Consultó la hoja de servicio #11','2025-06-30','20:50:51'),(6419,'cabrerajorge','Servicio','(cabrerajorge), Consultó la hoja de servicio #11','2025-06-30','20:50:58'),(6420,'cabrerajorge','Servicio','(cabrerajorge), Consultó la hoja de servicio #12','2025-06-30','20:51:31'),(6421,'cabrerajorge','Login/Usuario','(cabrerajorge), Inició sesión, ingresa al home','2025-06-30','23:15:34'),(6422,'cabrerajorge','Dashboard','(cabrerajorge), Ingresó al Módulo de Dashboard','2025-06-30','23:15:37'),(6423,'cabrerajorge','Servicio','(cabrerajorge), Ingresó al Módulo de Servicios Técnicos','2025-06-30','23:15:40'),(6424,'cabrerajorge','Servicio','(cabrerajorge), Consultó la hoja de servicio #11','2025-06-30','23:15:43'),(6425,'cabrerajorge','Servicio','(cabrerajorge), Ingresó al Módulo de Servicios Técnicos','2025-06-30','23:17:59'),(6426,'cabrerajorge','Servicio','(cabrerajorge), Consultó la hoja de servicio #11','2025-06-30','23:18:39'),(6427,'cabrerajorge','Servicio','(cabrerajorge), Consultó la hoja de servicio #12','2025-06-30','23:18:42'),(6428,'cabrerajorge','Servicio','(cabrerajorge), Ingresó al Módulo de Servicios Técnicos','2025-06-30','23:35:10'),(6429,'cabrerajorge','Servicio','(cabrerajorge), Consultó la hoja de servicio #11','2025-06-30','23:35:13'),(6430,'cabrerajorge','Servicio','(cabrerajorge), Ingresó al Módulo de Servicios Técnicos','2025-06-30','23:35:16'),(6431,'cabrerajorge','Servicio','(cabrerajorge), Consultó la hoja de servicio #11','2025-06-30','23:35:18'),(6432,'cabrerajorge','Servicio','(cabrerajorge), Ingresó al Módulo de Servicios Técnicos','2025-06-30','23:35:20'),(6433,'cabrerajorge','Servicio','(cabrerajorge), Consultó la hoja de servicio #11','2025-06-30','23:35:22'),(6434,'cabrerajorge','Servicio','(cabrerajorge), Ingresó al Módulo de Servicios Técnicos','2025-06-30','23:35:57'),(6435,'cabrerajorge','Servicio','(cabrerajorge), Consultó la hoja de servicio #11','2025-06-30','23:36:00'),(6436,'cabrerajorge','Servicio','(cabrerajorge), Ingresó al Módulo de Servicios Técnicos','2025-06-30','23:36:03'),(6437,'cabrerajorge','Servicio','(cabrerajorge), Ingresó al Módulo de Servicios Técnicos','2025-06-30','23:36:05'),(6438,'cabrerajorge','Servicio','(cabrerajorge), Consultó la hoja de servicio #11','2025-06-30','23:36:09'),(6439,'cabrerajorge','Servicio','(cabrerajorge), Ingresó al Módulo de Servicios Técnicos','2025-06-30','23:36:46'),(6440,'cabrerajorge','Servicio','(cabrerajorge), Ingresó al Módulo de Servicios Técnicos','2025-06-30','23:36:47'),(6441,'cabrerajorge','Servicio','(cabrerajorge), Consultó la hoja de servicio #11','2025-06-30','23:36:51'),(6442,'cabrerajorge','Servicio','(cabrerajorge), Ingresó al Módulo de Servicios Técnicos','2025-06-30','23:39:07'),(6443,'cabrerajorge','Servicio','(cabrerajorge), Consultó la hoja de servicio #11','2025-06-30','23:39:10'),(6444,'cabrerajorge','Servicio','(cabrerajorge), Ingresó al Módulo de Servicios Técnicos','2025-06-30','23:40:36'),(6445,'cabrerajorge','Servicio','(cabrerajorge), Consultó la hoja de servicio #11','2025-06-30','23:40:39'),(6446,'cabrerajorge','Servicio','(cabrerajorge), Consultó la hoja de servicio #11','2025-06-30','23:44:05'),(6447,'cabrerajorge','Servicio','(cabrerajorge), Actualizó la hoja de servicio #11','2025-06-30','23:44:09'),(6448,'cabrerajorge','Servicio','(cabrerajorge), Consultó la hoja de servicio #11','2025-06-30','23:44:11'),(6449,'cabrerajorge','Servicio','(cabrerajorge), Ingresó al Módulo de Servicios Técnicos','2025-07-01','08:28:14'),(6450,'cabrerajorge','Servicio','(cabrerajorge), Ingresó al Módulo de Servicios Técnicos','2025-07-01','08:29:06'),(6451,'cabrerajorge','Servicio','(cabrerajorge), Ingresó al Módulo de Servicios Técnicos','2025-07-01','08:31:03'),(6452,'cabrerajorge','Servicio','(cabrerajorge), Ingresó al Módulo de Servicios Técnicos','2025-07-01','08:51:24'),(6453,'cabrerajorge','Servicio','(cabrerajorge), Ingresó al Módulo de Servicios Técnicos','2025-07-01','08:52:05'),(6454,'cabrerajorge','Servicio','(cabrerajorge), Ingresó al Módulo de Servicios Técnicos','2025-07-01','08:53:10'),(6455,'cabrerajorge','Servicio','(cabrerajorge), Consultó la hoja de servicio #11','2025-07-01','08:53:13'),(6456,'cabrerajorge','Servicio','(cabrerajorge), Consultó la hoja de servicio #12','2025-07-01','08:53:23'),(6457,'cabrerajorge','Servicio','(cabrerajorge), Consultó la hoja de servicio #11','2025-07-01','08:53:29'),(6458,'cabrerajorge','Servicio','(cabrerajorge), Consultó la hoja de servicio #11','2025-07-01','08:54:27'),(6459,'cabrerajorge','Servicio','(cabrerajorge), Consultó la hoja de servicio #12','2025-07-01','08:54:33'),(6460,'cabrerajorge','Servicio','(cabrerajorge), Consultó la hoja de servicio #11','2025-07-01','08:54:39'),(6461,'cabrerajorge','Servicio','(cabrerajorge), Actualizó la hoja de servicio #11','2025-07-01','08:54:44'),(6462,'cabrerajorge','Servicio','(cabrerajorge), Consultó la hoja de servicio #11','2025-07-01','08:54:45'),(6463,'cabrerajorge','Servicio','(cabrerajorge), Consultó la hoja de servicio #11','2025-07-01','08:54:50'),(6464,'cabrerajorge','Servicio','(cabrerajorge), Ingresó al Módulo de Servicios Técnicos','2025-07-01','08:54:54'),(6465,'cabrerajorge','Servicio','(cabrerajorge), Consultó la hoja de servicio #11','2025-07-01','08:54:57'),(6466,'cabrerajorge','Servicio','(cabrerajorge), Consultó la hoja de servicio #11','2025-07-01','08:55:01'),(6467,'cabrerajorge','Servicio','(cabrerajorge), Consultó la hoja de servicio #12','2025-07-01','08:55:04'),(6468,'cabrerajorge','Servicio','(cabrerajorge), Consultó la hoja de servicio #11','2025-07-01','08:55:07'),(6469,'cabrerajorge','Servicio','(cabrerajorge), Consultó la hoja de servicio #11','2025-07-01','08:55:11'),(6470,'cabrerajorge','Servicio','(cabrerajorge), Consultó la hoja de servicio #11','2025-07-01','08:55:14'),(6471,'cabrerajorge','Servicio','(cabrerajorge), Consultó la hoja de servicio #11','2025-07-01','08:57:08'),(6472,'cabrerajorge','Servicio','(cabrerajorge), Ingresó al Módulo de Servicios Técnicos','2025-07-01','08:59:21'),(6473,'cabrerajorge','Servicio','(cabrerajorge), Consultó la hoja de servicio #11','2025-07-01','08:59:24'),(6474,'cabrerajorge','Servicio','(cabrerajorge), Consultó la hoja de servicio #11','2025-07-01','08:59:27'),(6475,'cabrerajorge','Servicio','(cabrerajorge), Consultó la hoja de servicio #11','2025-07-01','08:59:29'),(6476,'cabrerajorge','Servicio','(cabrerajorge), Consultó la hoja de servicio #11','2025-07-01','08:59:35'),(6477,'cabrerajorge','Servicio','(cabrerajorge), Consultó la hoja de servicio #11','2025-07-01','08:59:41'),(6478,'cabrerajorge','Servicio','(cabrerajorge), Consultó la hoja de servicio #11','2025-07-01','08:59:44'),(6479,'cabrerajorge','Servicio','(cabrerajorge), Consultó la hoja de servicio #11','2025-07-01','08:59:46'),(6480,'cabrerajorge','Servicio','(cabrerajorge), Ingresó al Módulo de Servicios Técnicos','2025-07-01','09:00:08'),(6481,'cabrerajorge','Servicio','(cabrerajorge), Consultó la hoja de servicio #11','2025-07-01','09:00:10'),(6482,'cabrerajorge','Servicio','(cabrerajorge), Ingresó al Módulo de Servicios Técnicos','2025-07-01','09:01:14'),(6483,'cabrerajorge','Servicio','(cabrerajorge), Consultó la hoja de servicio #11','2025-07-01','09:01:17'),(6484,'cabrerajorge','Servicio','(cabrerajorge), Consultó la hoja de servicio #11','2025-07-01','09:01:20'),(6485,'cabrerajorge','Servicio','(cabrerajorge), Consultó la hoja de servicio #11','2025-07-01','09:01:24'),(6486,'cabrerajorge','Servicio','(cabrerajorge), Consultó la hoja de servicio #11','2025-07-01','09:01:54'),(6487,'cabrerajorge','Servicio','(cabrerajorge), Ingresó al Módulo de Servicios Técnicos','2025-07-01','09:03:02'),(6488,'cabrerajorge','Servicio','(cabrerajorge), Consultó la hoja de servicio #11','2025-07-01','09:03:05'),(6489,'cabrerajorge','Servicio','(cabrerajorge), Consultó la hoja de servicio #11','2025-07-01','09:03:07'),(6490,'cabrerajorge','Servicio','(cabrerajorge), Consultó la hoja de servicio #11','2025-07-01','09:03:08'),(6491,'cabrerajorge','Servicio','(cabrerajorge), Consultó la hoja de servicio #11','2025-07-01','09:03:12'),(6492,'cabrerajorge','Servicio','(cabrerajorge), Consultó la hoja de servicio #11','2025-07-01','09:03:15'),(6493,'cabrerajorge','Servicio','(cabrerajorge), Consultó la hoja de servicio #11','2025-07-01','09:03:15'),(6494,'cabrerajorge','Servicio','(cabrerajorge), Consultó la hoja de servicio #11','2025-07-01','09:03:17'),(6495,'cabrerajorge','Servicio','(cabrerajorge), Consultó la hoja de servicio #11','2025-07-01','09:03:21'),(6496,'cabrerajorge','Servicio','(cabrerajorge), Consultó la hoja de servicio #11','2025-07-01','09:03:21'),(6497,'cabrerajorge','Servicio','(cabrerajorge), Consultó la hoja de servicio #11','2025-07-01','09:03:51'),(6498,'cabrerajorge','Servicio','(cabrerajorge), Consultó la hoja de servicio #11','2025-07-01','09:04:33'),(6499,'cabrerajorge','Servicio','(cabrerajorge), Consultó la hoja de servicio #11','2025-07-01','09:04:33'),(6500,'cabrerajorge','Servicio','(cabrerajorge), Actualizó la hoja de servicio #11','2025-07-01','09:04:36'),(6501,'cabrerajorge','Servicio','(cabrerajorge), Consultó la hoja de servicio #11','2025-07-01','09:04:37'),(6502,'cabrerajorge','Servicio','(cabrerajorge), Consultó la hoja de servicio #11','2025-07-01','09:04:37'),(6503,'cabrerajorge','Servicio','(cabrerajorge), Ingresó al Módulo de Servicios Técnicos','2025-07-01','09:06:16'),(6504,'cabrerajorge','Servicio','(cabrerajorge), Consultó la hoja de servicio #11','2025-07-01','09:06:19'),(6505,'cabrerajorge','Servicio','(cabrerajorge), Consultó la hoja de servicio #11','2025-07-01','09:06:22'),(6506,'cabrerajorge','Servicio','(cabrerajorge), Consultó la hoja de servicio #11','2025-07-01','09:06:22'),(6507,'cabrerajorge','Servicio','(cabrerajorge), Ingresó al Módulo de Servicios Técnicos','2025-07-01','09:06:38'),(6508,'cabrerajorge','Servicio','(cabrerajorge), Consultó la hoja de servicio #11','2025-07-01','09:06:40'),(6509,'cabrerajorge','Servicio','(cabrerajorge), Consultó la hoja de servicio #12','2025-07-01','09:06:43'),(6510,'cabrerajorge','Servicio','(cabrerajorge), Consultó la hoja de servicio #11','2025-07-01','09:06:45'),(6511,'cabrerajorge','Servicio','(cabrerajorge), Consultó la hoja de servicio #11','2025-07-01','09:06:45'),(6512,'cabrerajorge','Servicio','(cabrerajorge), Actualizó la hoja de servicio #11','2025-07-01','09:06:47'),(6513,'cabrerajorge','Servicio','(cabrerajorge), Consultó la hoja de servicio #11','2025-07-01','09:06:50'),(6514,'cabrerajorge','Servicio','(cabrerajorge), Consultó la hoja de servicio #11','2025-07-01','09:06:51'),(6515,'cabrerajorge','Servicio','(cabrerajorge), Ingresó al Módulo de Servicios Técnicos','2025-07-01','09:15:00'),(6516,'cabrerajorge','Servicio','(cabrerajorge), Consultó la hoja de servicio #11','2025-07-01','09:15:03'),(6517,'cabrerajorge','Servicio','(cabrerajorge), Consultó la hoja de servicio #11','2025-07-01','09:15:06'),(6518,'cabrerajorge','Servicio','(cabrerajorge), Consultó la hoja de servicio #11','2025-07-01','09:15:06'),(6519,'cabrerajorge','Servicio','(cabrerajorge), Ingresó al Módulo de Servicios Técnicos','2025-07-01','09:16:02'),(6520,'cabrerajorge','Servicio','(cabrerajorge), Consultó la hoja de servicio #11','2025-07-01','09:16:06'),(6521,'cabrerajorge','Servicio','(cabrerajorge), Consultó la hoja de servicio #11','2025-07-01','09:16:06'),(6522,'cabrerajorge','Servicio','(cabrerajorge), Consultó la hoja de servicio #11','2025-07-01','09:16:08'),(6523,'cabrerajorge','Servicio','(cabrerajorge), Consultó la hoja de servicio #11','2025-07-01','09:16:11'),(6524,'cabrerajorge','Servicio','(cabrerajorge), Consultó la hoja de servicio #11','2025-07-01','09:16:11'),(6525,'cabrerajorge','Servicio','(cabrerajorge), Ingresó al Módulo de Servicios Técnicos','2025-07-01','09:25:56'),(6526,'cabrerajorge','Servicio','(cabrerajorge), Consultó la hoja de servicio #11','2025-07-01','09:25:59'),(6527,'cabrerajorge','Servicio','(cabrerajorge), Consultó la hoja de servicio #11','2025-07-01','09:26:01'),(6528,'cabrerajorge','Servicio','(cabrerajorge), Consultó la hoja de servicio #11','2025-07-01','09:26:01'),(6529,'cabrerajorge','Servicio','(cabrerajorge), Ingresó al Módulo de Servicios Técnicos','2025-07-01','09:27:39'),(6530,'cabrerajorge','Servicio','(cabrerajorge), Consultó la hoja de servicio #11','2025-07-01','09:27:42'),(6531,'cabrerajorge','Servicio','(cabrerajorge), Consultó la hoja de servicio #11','2025-07-01','09:27:42'),(6532,'cabrerajorge','Servicio','(cabrerajorge), Ingresó al Módulo de Servicios Técnicos','2025-07-01','09:27:47'),(6533,'cabrerajorge','Servicio','(cabrerajorge), Consultó la hoja de servicio #11','2025-07-01','09:27:51'),(6534,'cabrerajorge','Servicio','(cabrerajorge), Consultó la hoja de servicio #11','2025-07-01','09:27:52'),(6535,'cabrerajorge','Servicio','(cabrerajorge), Ingresó al Módulo de Servicios Técnicos','2025-07-01','09:28:41'),(6536,'cabrerajorge','Servicio','(cabrerajorge), Consultó la hoja de servicio #11','2025-07-01','09:28:44'),(6537,'cabrerajorge','Servicio','(cabrerajorge), Consultó la hoja de servicio #11','2025-07-01','09:28:44'),(6538,'cabrerajorge','Servicio','(cabrerajorge), Ingresó al Módulo de Servicios Técnicos','2025-07-01','09:29:45'),(6539,'cabrerajorge','Servicio','(cabrerajorge), Consultó la hoja de servicio #11','2025-07-01','09:29:48'),(6540,'cabrerajorge','Servicio','(cabrerajorge), Consultó la hoja de servicio #11','2025-07-01','09:29:48'),(6541,'cabrerajorge','Servicio','(cabrerajorge), Consultó la hoja de servicio #11','2025-07-01','09:30:00'),(6542,'cabrerajorge','Servicio','(cabrerajorge), Ingresó al Módulo de Servicios Técnicos','2025-07-01','09:53:19'),(6543,'cabrerajorge','Servicio','(cabrerajorge), Consultó la hoja de servicio #11','2025-07-01','09:53:21'),(6544,'cabrerajorge','Servicio','(cabrerajorge), Consultó la hoja de servicio #11','2025-07-01','09:53:21'),(6545,'cabrerajorge','Servicio','(cabrerajorge), Consultó la hoja de servicio #11','2025-07-01','09:53:37'),(6546,'cabrerajorge','Servicio','(cabrerajorge), Consultó la hoja de servicio #11','2025-07-01','09:53:40'),(6547,'cabrerajorge','Servicio','(cabrerajorge), Consultó la hoja de servicio #11','2025-07-01','09:53:40'),(6548,'cabrerajorge','Login/Usuario','(cabrerajorge), Inició sesión, ingresa al home','2025-07-01','14:54:56'),(6549,'cabrerajorge','Dashboard','(cabrerajorge), Ingresó al Módulo de Dashboard','2025-07-01','14:55:02'),(6550,'cabrerajorge','Servicio','(cabrerajorge), Ingresó al Módulo de Servicios Técnicos','2025-07-01','14:55:05'),(6551,'cabrerajorge','Servicio','(cabrerajorge), Consultó la hoja de servicio #11','2025-07-01','14:55:12'),(6552,'cabrerajorge','Servicio','(cabrerajorge), Consultó la hoja de servicio #11','2025-07-01','14:55:17'),(6553,'cabrerajorge','Servicio','(cabrerajorge), Consultó la hoja de servicio #11','2025-07-01','14:55:17'),(6554,'cabrerajorge','Servicio','(cabrerajorge), Actualizó la hoja de servicio #11','2025-07-01','14:55:28'),(6555,'cabrerajorge','Servicio','(cabrerajorge), Consultó la hoja de servicio #11','2025-07-01','14:55:30'),(6556,'cabrerajorge','Servicio','(cabrerajorge), Consultó la hoja de servicio #11','2025-07-01','14:55:30'),(6557,'cabrerajorge','Servicio','(cabrerajorge), Ingresó al Módulo de Servicios Técnicos','2025-07-01','15:10:27'),(6558,'cabrerajorge','Servicio','(cabrerajorge), Consultó la hoja de servicio #11','2025-07-01','15:10:32'),(6559,'cabrerajorge','Servicio','(cabrerajorge), Consultó la hoja de servicio #11','2025-07-01','15:10:33'),(6560,'cabrerajorge','Servicio','(cabrerajorge), Actualizó la hoja de servicio #11','2025-07-01','15:10:41'),(6561,'cabrerajorge','Servicio','(cabrerajorge), Consultó la hoja de servicio #11','2025-07-01','15:10:44'),(6562,'cabrerajorge','Servicio','(cabrerajorge), Consultó la hoja de servicio #11','2025-07-01','15:10:45'),(6563,'cabrerajorge','Servicio','(cabrerajorge), Consultó la hoja de servicio #11','2025-07-01','15:10:48'),(6564,'cabrerajorge','Servicio','(cabrerajorge), Ingresó al Módulo de Servicios Técnicos','2025-07-01','15:11:34'),(6565,'cabrerajorge','Servicio','(cabrerajorge), Consultó la hoja de servicio #11','2025-07-01','15:11:39'),(6566,'cabrerajorge','Servicio','(cabrerajorge), Consultó la hoja de servicio #11','2025-07-01','15:11:40'),(6567,'cabrerajorge','Login/Usuario','(cabrerajorge), Inició sesión, ingresa al home','2025-07-02','08:39:48'),(6568,'cabrerajorge','Dashboard','(cabrerajorge), Ingresó al Módulo de Dashboard','2025-07-02','08:39:49'),(6569,'cabrerajorge','Servicio','(cabrerajorge), Ingresó al Módulo de Servicios Técnicos','2025-07-02','08:39:56'),(6570,'cabrerajorge','Servicio','(cabrerajorge), Consultó la hoja de servicio #11','2025-07-02','08:40:40'),(6571,'cabrerajorge','Servicio','(cabrerajorge), Consultó la hoja de servicio #11','2025-07-02','08:40:45'),(6572,'cabrerajorge','Servicio','(cabrerajorge), Consultó la hoja de servicio #11','2025-07-02','08:40:46'),(6573,'cabrerajorge','Servicio','(cabrerajorge), Consultó la hoja de servicio #11','2025-07-02','08:41:13'),(6574,'cabrerajorge','Servicio','(cabrerajorge), Consultó la hoja de servicio #11','2025-07-02','08:41:13'),(6575,'cabrerajorge','Servicio','(cabrerajorge), Ingresó al Módulo de Servicios Técnicos','2025-07-02','08:51:20'),(6576,'cabrerajorge','Servicio','(cabrerajorge), Consultó la hoja de servicio #11','2025-07-02','08:51:24'),(6577,'cabrerajorge','Servicio','(cabrerajorge), Consultó la hoja de servicio #11','2025-07-02','08:51:24'),(6578,'cabrerajorge','Servicio','(cabrerajorge), Ingresó al Módulo de Servicios Técnicos','2025-07-02','09:00:08'),(6579,'cabrerajorge','Servicio','(cabrerajorge), Consultó la hoja de servicio #11','2025-07-02','09:00:12'),(6580,'cabrerajorge','Servicio','(cabrerajorge), Consultó la hoja de servicio #11','2025-07-02','09:00:15'),(6581,'cabrerajorge','Servicio','(cabrerajorge), Consultó la hoja de servicio #11','2025-07-02','09:00:15'),(6582,'cabrerajorge','Servicio','(cabrerajorge), Ingresó al Módulo de Servicios Técnicos','2025-07-02','09:01:16'),(6583,'cabrerajorge','Servicio','(cabrerajorge), Consultó la hoja de servicio #11','2025-07-02','09:01:20'),(6584,'cabrerajorge','Servicio','(cabrerajorge), Consultó la hoja de servicio #11','2025-07-02','09:01:24'),(6585,'cabrerajorge','Servicio','(cabrerajorge), Consultó la hoja de servicio #11','2025-07-02','09:01:24'),(6586,'cabrerajorge','Servicio','(cabrerajorge), Ingresó al Módulo de Servicios Técnicos','2025-07-02','09:03:31'),(6587,'cabrerajorge','Servicio','(cabrerajorge), Consultó la hoja de servicio #11','2025-07-02','09:03:35'),(6588,'cabrerajorge','Servicio','(cabrerajorge), Consultó la hoja de servicio #11','2025-07-02','09:03:35'),(6589,'cabrerajorge','Servicio','(cabrerajorge), Ingresó al Módulo de Servicios Técnicos','2025-07-02','09:04:35'),(6590,'cabrerajorge','Servicio','(cabrerajorge), Consultó la hoja de servicio #11','2025-07-02','09:04:40'),(6591,'cabrerajorge','Servicio','(cabrerajorge), Consultó la hoja de servicio #11','2025-07-02','09:04:40'),(6592,'cabrerajorge','Servicio','(cabrerajorge), Ingresó al Módulo de Servicios Técnicos','2025-07-02','09:05:33'),(6593,'cabrerajorge','Servicio','(cabrerajorge), Consultó la hoja de servicio #11','2025-07-02','09:05:40'),(6594,'cabrerajorge','Servicio','(cabrerajorge), Consultó la hoja de servicio #11','2025-07-02','09:05:40'),(6595,'cabrerajorge','Servicio','(cabrerajorge), Actualizó la hoja de servicio #11','2025-07-02','09:05:46'),(6596,'cabrerajorge','Servicio','(cabrerajorge), Consultó la hoja de servicio #11','2025-07-02','09:05:48'),(6597,'cabrerajorge','Servicio','(cabrerajorge), Consultó la hoja de servicio #11','2025-07-02','09:05:48'),(6598,'cabrerajorge','Servicio','(cabrerajorge), Ingresó al Módulo de Servicios Técnicos','2025-07-02','09:05:51'),(6599,'cabrerajorge','Servicio','(cabrerajorge), Consultó la hoja de servicio #11','2025-07-02','09:05:55'),(6600,'cabrerajorge','Servicio','(cabrerajorge), Consultó la hoja de servicio #11','2025-07-02','09:05:55'),(6601,'cabrerajorge','Servicio','(cabrerajorge), Ingresó al Módulo de Servicios Técnicos','2025-07-02','09:06:32'),(6602,'cabrerajorge','Servicio','(cabrerajorge), Consultó la hoja de servicio #11','2025-07-02','09:06:36'),(6603,'cabrerajorge','Servicio','(cabrerajorge), Consultó la hoja de servicio #11','2025-07-02','09:06:37'),(6604,'cabrerajorge','Servicio','(cabrerajorge), Ingresó al Módulo de Servicios Técnicos','2025-07-02','09:08:01'),(6605,'cabrerajorge','Servicio','(cabrerajorge), Consultó la hoja de servicio #11','2025-07-02','09:08:09'),(6606,'cabrerajorge','Servicio','(cabrerajorge), Consultó la hoja de servicio #11','2025-07-02','09:08:09'),(6607,'cabrerajorge','Servicio','(cabrerajorge), Actualizó la hoja de servicio #11','2025-07-02','09:08:16'),(6608,'cabrerajorge','Servicio','(cabrerajorge), Consultó la hoja de servicio #11','2025-07-02','09:08:19'),(6609,'cabrerajorge','Servicio','(cabrerajorge), Consultó la hoja de servicio #11','2025-07-02','09:08:19'),(6610,'cabrerajorge','Servicio','(cabrerajorge), Ingresó al Módulo de Servicios Técnicos','2025-07-02','09:09:09'),(6611,'cabrerajorge','Servicio','(cabrerajorge), Consultó la hoja de servicio #11','2025-07-02','09:09:13'),(6612,'cabrerajorge','Servicio','(cabrerajorge), Consultó la hoja de servicio #11','2025-07-02','09:09:13'),(6613,'cabrerajorge','Servicio','(cabrerajorge), Ingresó al Módulo de Servicios Técnicos','2025-07-02','09:38:59'),(6614,'cabrerajorge','Servicio','(cabrerajorge), Consultó la hoja de servicio #10','2025-07-02','09:39:06'),(6615,'cabrerajorge','Servicio','(cabrerajorge), Consultó la hoja de servicio #10','2025-07-02','09:39:07'),(6616,'cabrerajorge','Servicio','(cabrerajorge), Actualizó la hoja de servicio #10','2025-07-02','09:39:11'),(6617,'cabrerajorge','Servicio','(cabrerajorge), Consultó la hoja de servicio #11','2025-07-02','09:39:14'),(6618,'cabrerajorge','Servicio','(cabrerajorge), Consultó la hoja de servicio #11','2025-07-02','09:39:14'),(6619,'cabrerajorge','Servicio','(cabrerajorge), Consultó la hoja de servicio #10','2025-07-02','09:39:18'),(6620,'cabrerajorge','Servicio','(cabrerajorge), Consultó la hoja de servicio #10','2025-07-02','09:39:18'),(6621,'cabrerajorge','Servicio','(cabrerajorge), Actualizó la hoja de servicio #10','2025-07-02','09:39:24'),(6622,'cabrerajorge','Servicio','(cabrerajorge), Consultó la hoja de servicio #10','2025-07-02','09:39:26'),(6623,'cabrerajorge','Servicio','(cabrerajorge), Consultó la hoja de servicio #10','2025-07-02','09:39:26'),(6624,'cabrerajorge','Servicio','(cabrerajorge), Ingresó al Módulo de Servicios Técnicos','2025-07-02','09:39:29'),(6625,'cabrerajorge','Servicio','(cabrerajorge), Consultó la hoja de servicio #10','2025-07-02','09:39:33'),(6626,'cabrerajorge','Servicio','(cabrerajorge), Consultó la hoja de servicio #10','2025-07-02','09:39:33'),(6627,'cabrerajorge','Servicio','(cabrerajorge), Consultó la hoja de servicio #10','2025-07-02','09:41:01'),(6628,'cabrerajorge','Servicio','(cabrerajorge), Ingresó al Módulo de Servicios Técnicos','2025-07-02','09:43:08'),(6629,'cabrerajorge','Servicio','(cabrerajorge), Consultó la hoja de servicio #15','2025-07-02','09:44:41'),(6630,'cabrerajorge','Servicio','(cabrerajorge), Ingresó al Módulo de Servicios Técnicos','2025-07-02','09:46:37'),(6631,'cabrerajorge','Servicio','(cabrerajorge), Ingresó al Módulo de Servicios Técnicos','2025-07-02','09:46:53'),(6632,'cabrerajorge','Servicio','(cabrerajorge), Ingresó al Módulo de Servicios Técnicos','2025-07-02','09:48:26'),(6633,'cabrerajorge','Servicio','(cabrerajorge), Ingresó al Módulo de Servicios Técnicos','2025-07-02','09:53:08'),(6634,'cabrerajorge','Servicio','(cabrerajorge), Ingresó al Módulo de Servicios Técnicos','2025-07-02','09:54:15'),(6635,'cabrerajorge','Servicio','(cabrerajorge), Eliminó la hoja de servicio #','2025-07-02','09:54:20'),(6636,'cabrerajorge','Servicio','(cabrerajorge), Eliminó la hoja de servicio #','2025-07-02','09:55:06'),(6637,'cabrerajorge','Servicio','(cabrerajorge), Ingresó al Módulo de Servicios Técnicos','2025-07-02','09:55:46'),(6638,'cabrerajorge','Servicio','(cabrerajorge), Eliminó la hoja de servicio #','2025-07-02','09:55:56'),(6639,'cabrerajorge','Servicio','(cabrerajorge), Ingresó al Módulo de Servicios Técnicos','2025-07-02','09:56:07'),(6640,'cabrerajorge','Servicio','(cabrerajorge), Eliminó la hoja de servicio #','2025-07-02','09:56:18'),(6641,'cabrerajorge','Servicio','(cabrerajorge), Ingresó al Módulo de Servicios Técnicos','2025-07-02','09:57:00'),(6642,'cabrerajorge','Servicio','(cabrerajorge), Eliminó la hoja de servicio #','2025-07-02','09:57:06'),(6643,'cabrerajorge','Servicio','(cabrerajorge), Ingresó al Módulo de Servicios Técnicos','2025-07-02','09:57:27'),(6644,'cabrerajorge','Servicio','(cabrerajorge), Ingresó al Módulo de Servicios Técnicos','2025-07-02','09:57:50'),(6645,'cabrerajorge','Servicio','(cabrerajorge), Ingresó al Módulo de Servicios Técnicos','2025-07-02','09:58:27'),(6646,'cabrerajorge','Servicio','(cabrerajorge), Eliminó la hoja de servicio #','2025-07-02','09:58:34'),(6647,'cabrerajorge','Servicio','(cabrerajorge), Ingresó al Módulo de Servicios Técnicos','2025-07-02','09:58:37'),(6648,'cabrerajorge','Servicio','(cabrerajorge), Ingresó al Módulo de Servicios Técnicos','2025-07-02','09:59:23'),(6649,'cabrerajorge','Servicio','(cabrerajorge), Eliminó la hoja de servicio #','2025-07-02','09:59:28'),(6650,'cabrerajorge','Servicio','(cabrerajorge), Ingresó al Módulo de Servicios Técnicos','2025-07-02','09:59:44'),(6651,'cabrerajorge','Servicio','(cabrerajorge), Ingresó al Módulo de Servicios Técnicos','2025-07-02','10:02:02'),(6652,'cabrerajorge','Servicio','(cabrerajorge), Eliminó la hoja de servicio #13','2025-07-02','10:02:10'),(6653,'cabrerajorge','Servicio','(cabrerajorge), Eliminó la hoja de servicio #12','2025-07-02','10:02:13'),(6654,'cabrerajorge','Servicio','(cabrerajorge), Ingresó al Módulo de Servicios Técnicos','2025-07-02','10:02:14'),(6655,'cabrerajorge','Servicio','(cabrerajorge), Consultó la hoja de servicio #15','2025-07-02','10:07:35'),(6656,'cabrerajorge','Servicio','(cabrerajorge), Consultó la hoja de servicio #15','2025-07-02','10:07:36'),(6657,'cabrerajorge','Servicio','(cabrerajorge), Actualizó la hoja de servicio #15','2025-07-02','10:08:48'),(6658,'cabrerajorge','Servicio','(cabrerajorge), Consultó la hoja de servicio #11','2025-07-02','10:08:53'),(6659,'cabrerajorge','Servicio','(cabrerajorge), Consultó la hoja de servicio #11','2025-07-02','10:08:53'),(6660,'cabrerajorge','Servicio','(cabrerajorge), Consultó la hoja de servicio #10','2025-07-02','10:08:56'),(6661,'cabrerajorge','Servicio','(cabrerajorge), Consultó la hoja de servicio #10','2025-07-02','10:08:56'),(6662,'cabrerajorge','Servicio','(cabrerajorge), Consultó la hoja de servicio #15','2025-07-02','10:09:01'),(6663,'cabrerajorge','Servicio','(cabrerajorge), Consultó la hoja de servicio #15','2025-07-02','10:09:01'),(6664,'cabrerajorge','Equipo','(cabrerajorge), Ingresó al Módulo de Equipos','2025-07-02','10:10:13'),(6665,'cabrerajorge','Equipo','(cabrerajorge), Se restauró el equipo ID: 4','2025-07-02','10:10:20'),(6666,'cabrerajorge','Solicitud','(cabrerajorge), Ingresó al Módulo de Solicitud','2025-07-02','10:21:49'),(6667,'cabrerajorge','Equipo','(cabrerajorge), Ingresó al Módulo de Equipos','2025-07-02','10:22:41'),(6668,'cabrerajorge','Servicio','(cabrerajorge), Ingresó al Módulo de Servicios Técnicos','2025-07-02','10:23:32'),(6669,'cabrerajorge','Solicitud','(cabrerajorge), Ingresó al Módulo de Solicitud','2025-07-02','10:23:34'),(6670,'cabrerajorge','Solicitud','(cabrerajorge), Ingresó al Módulo de Solicitud','2025-07-02','10:25:24'),(6671,'cabrerajorge','Solicitud','(cabrerajorge), Ingresó al Módulo de Solicitud','2025-07-02','10:25:47'),(6672,'cabrerajorge','Solicitud','(cabrerajorge), Ingresó al Módulo de Solicitud','2025-07-02','10:30:20'),(6673,'cabrerajorge','Solicitud','(cabrerajorge), Ingresó al Módulo de Solicitud','2025-07-02','10:30:45'),(6674,'cabrerajorge','Solicitud','(cabrerajorge), Ingresó al Módulo de Solicitud','2025-07-02','10:30:59'),(6675,'cabrerajorge','Solicitud','(cabrerajorge), Ingresó al Módulo de Solicitud','2025-07-02','10:50:31'),(6676,'cabrerajorge','Solicitud','(cabrerajorge), Ingresó al Módulo de Solicitud','2025-07-02','10:55:22'),(6677,'cabrerajorge','Solicitud','(cabrerajorge), Ingresó al Módulo de Solicitud','2025-07-02','10:55:35'),(6678,'cabrerajorge','Solicitud','(cabrerajorge), Ingresó al Módulo de Solicitud','2025-07-02','10:56:10'),(6679,'cabrerajorge','Solicitud','(cabrerajorge), Ingresó al Módulo de Solicitud','2025-07-02','11:01:38'),(6680,'cabrerajorge','Solicitud','(cabrerajorge), Ingresó al Módulo de Solicitud','2025-07-02','11:12:13'),(6681,'cabrerajorge','Bien','(cabrerajorge), Ingresó al Módulo de Bienes','2025-07-02','11:12:42'),(6682,'cabrerajorge','Solicitud','(cabrerajorge), Ingresó al Módulo de Solicitud','2025-07-02','11:12:45'),(6683,'cabrerajorge','Solicitud','(cabrerajorge), Ingresó al Módulo de Solicitud','2025-07-02','11:13:09'),(6684,'cabrerajorge','Solicitud','(cabrerajorge), Ingresó al Módulo de Solicitud','2025-07-02','12:44:07'),(6685,'cabrerajorge','Usuario','Cerró sesión','2025-07-02','13:16:31'),(6686,'cabrerajorge','Login/Usuario','(cabrerajorge), Inició sesión, ingresa al home','2025-07-02','13:17:01'),(6687,'cabrerajorge','Dashboard','(cabrerajorge), Ingresó al Módulo de Dashboard','2025-07-02','13:17:01'),(6688,'cabrerajorge','Solicitudes','(cabrerajorge), Ingresó al módulo de Solicitudes, lugar: Mis servicios','2025-07-02','13:17:33'),(6689,'cabrerajorge','Solicitudes','(cabrerajorge), Ingresó al módulo de Solicitudes, lugar: Mis servicios','2025-07-02','13:17:33'),(6690,'cabrerajorge','Solicitud','(cabrerajorge), Realizó una solicitud exitosamente','2025-07-02','13:17:50'),(6691,'cabrerajorge','Solicitud','(cabrerajorge), Ingresó al Módulo de Solicitud','2025-07-02','13:17:54'),(6692,'cabrerajorge','Servicio','(cabrerajorge), Ingresó al Módulo de Servicios Técnicos','2025-07-02','13:20:18'),(6693,'cabrerajorge','Servicio','(cabrerajorge), Consultó la hoja de servicio #14','2025-07-02','13:20:57'),(6694,'cabrerajorge','Servicio','(cabrerajorge), Consultó la hoja de servicio #14','2025-07-02','13:21:35'),(6695,'cabrerajorge','Servicio','(cabrerajorge), Consultó la hoja de servicio #14','2025-07-02','13:21:35'),(6696,'cabrerajorge','Servicio','(cabrerajorge), Consultó la hoja de servicio #12','2025-07-02','13:22:56'),(6697,'cabrerajorge','Servicio','(cabrerajorge), Consultó la hoja de servicio #12','2025-07-02','13:22:56'),(6698,'cabrerajorge','Servicio','(cabrerajorge), Ingresó al Módulo de Servicios Técnicos','2025-07-02','13:26:18'),(6699,'cabrerajorge','Servicio','(cabrerajorge), Ingresó al Módulo de Servicios Técnicos','2025-07-02','13:29:03'),(6700,'cabrerajorge','Backup','(cabrerajorge), Se generó un nuevo backup','2025-07-02','13:33:02');
/*!40000 ALTER TABLE `bitacora` ENABLE KEYS */;
UNLOCK TABLES;

--
-- Table structure for table `modulo`
--

DROP TABLE IF EXISTS `modulo`;
/*!40101 SET @saved_cs_client     = @@character_set_client */;
/*!40101 SET character_set_client = utf8 */;
CREATE TABLE `modulo` (
  `id_modulo` int(11) NOT NULL AUTO_INCREMENT,
  `nombre_modulo` varchar(45) CHARACTER SET armscii8 COLLATE armscii8_general_ci NOT NULL,
  PRIMARY KEY (`id_modulo`)
) ENGINE=InnoDB AUTO_INCREMENT=25 DEFAULT CHARSET=utf8 COLLATE=utf8_unicode_ci;
/*!40101 SET character_set_client = @saved_cs_client */;

--
-- Dumping data for table `modulo`
--

LOCK TABLES `modulo` WRITE;
/*!40000 ALTER TABLE `modulo` DISABLE KEYS */;
INSERT INTO `modulo` VALUES (1,'usuario'),(2,'rol'),(3,'bitacora'),(4,'mantenimiento'),(5,'empleado'),(6,'tecnico'),(7,'solicitud'),(8,'hoja_servicio'),(9,'ente'),(10,'dependencia'),(11,'unidad'),(12,'cargo'),(13,'tipo_servicio'),(14,'bien'),(15,'tipo_bien'),(16,'marca'),(17,'equipo'),(18,'switch'),(19,'patch_panel'),(20,'interconexion'),(21,'punto_conexion'),(22,'piso'),(23,'oficina'),(24,'material');
/*!40000 ALTER TABLE `modulo` ENABLE KEYS */;
UNLOCK TABLES;

--
-- Table structure for table `notificacion`
--

DROP TABLE IF EXISTS `notificacion`;
/*!40101 SET @saved_cs_client     = @@character_set_client */;
/*!40101 SET character_set_client = utf8 */;
CREATE TABLE `notificacion` (
  `id` int(11) NOT NULL AUTO_INCREMENT,
  `usuario` varchar(45) CHARACTER SET ascii COLLATE ascii_general_ci NOT NULL,
  `modulo` varchar(45) NOT NULL,
  `mensaje` int(100) NOT NULL,
  `fecha` date NOT NULL,
  `hora` time NOT NULL,
  `estado` varchar(45) NOT NULL DEFAULT 'Nuevo',
  PRIMARY KEY (`id`),
  KEY `usuario` (`usuario`),
  CONSTRAINT `notificacion_ibfk_1` FOREIGN KEY (`usuario`) REFERENCES `usuario` (`nombre_usuario`) ON DELETE CASCADE ON UPDATE CASCADE
) ENGINE=InnoDB AUTO_INCREMENT=4 DEFAULT CHARSET=utf8mb4 COLLATE=utf8mb4_general_ci;
/*!40101 SET character_set_client = @saved_cs_client */;

--
-- Dumping data for table `notificacion`
--

LOCK TABLES `notificacion` WRITE;
/*!40000 ALTER TABLE `notificacion` DISABLE KEYS */;
INSERT INTO `notificacion` VALUES (1,'lz2712','Solicitudes',0,'2025-06-04','15:23:49','Leído'),(2,'lz2712','Material',0,'2025-06-04','15:25:00','Leído'),(3,'cabrerajorge','Solicitudes',0,'2025-07-02','13:17:50','Nuevo');
/*!40000 ALTER TABLE `notificacion` ENABLE KEYS */;
UNLOCK TABLES;

--
-- Table structure for table `permiso`
--

DROP TABLE IF EXISTS `permiso`;
/*!40101 SET @saved_cs_client     = @@character_set_client */;
/*!40101 SET character_set_client = utf8 */;
CREATE TABLE `permiso` (
  `id_permiso` int(11) NOT NULL AUTO_INCREMENT,
  `id_rol` int(11) NOT NULL,
  `id_modulo` int(11) NOT NULL,
  `accion_permiso` varchar(100) NOT NULL,
  `estado` int(1) NOT NULL DEFAULT 0,
  PRIMARY KEY (`id_permiso`),
  KEY `id_rol` (`id_rol`),
  KEY `id_modulo` (`id_modulo`),
  CONSTRAINT `permiso_ibfk_2` FOREIGN KEY (`id_rol`) REFERENCES `rol` (`id_rol`) ON DELETE CASCADE ON UPDATE CASCADE,
  CONSTRAINT `permiso_ibfk_3` FOREIGN KEY (`id_modulo`) REFERENCES `modulo` (`id_modulo`) ON DELETE CASCADE ON UPDATE CASCADE
) ENGINE=InnoDB AUTO_INCREMENT=780 DEFAULT CHARSET=utf8 COLLATE=utf8_unicode_ci;
/*!40101 SET character_set_client = @saved_cs_client */;

--
-- Dumping data for table `permiso`
--

LOCK TABLES `permiso` WRITE;
/*!40000 ALTER TABLE `permiso` DISABLE KEYS */;
INSERT INTO `permiso` VALUES (1,1,1,'registrar',1),(2,1,1,'ver',1),(3,1,1,'modificar',1),(4,1,1,'eliminar',1),(5,1,2,'registrar',1),(6,1,2,'ver',1),(7,1,2,'modificar',1),(8,1,2,'eliminar',1),(9,1,3,'ver',1),(10,1,4,'ver',1),(11,1,4,'exportar',1),(12,1,4,'importar',1),(13,1,4,'eliminar',1),(14,1,5,'registrar',1),(15,1,5,'ver',1),(16,1,5,'modificar',1),(17,1,5,'eliminar',1),(18,1,6,'registrar',1),(19,1,6,'ver',1),(20,1,6,'modificar',1),(21,1,6,'eliminar',1),(22,1,7,'registrar',1),(23,1,7,'ver_solicitud',1),(24,1,7,'ver_mi_solicitud',1),(25,1,7,'modificar',1),(26,1,7,'eliminar',1),(27,1,8,'registrar',1),(28,1,8,'ver',1),(29,1,8,'modificar',1),(30,1,8,'eliminar',1),(31,1,9,'registrar',1),(32,1,9,'ver',1),(33,1,9,'modificar',1),(34,1,9,'eliminar',1),(35,1,10,'registrar',1),(36,1,10,'ver',1),(37,1,10,'modificar',1),(38,1,10,'eliminar',1),(39,1,11,'registrar',1),(40,1,11,'ver',1),(41,1,11,'modificar',1),(42,1,11,'eliminar',1),(43,1,12,'registrar',1),(44,1,12,'ver',1),(45,1,12,'modificar',1),(46,1,12,'eliminar',1),(47,1,13,'registrar',1),(48,1,13,'ver',1),(49,1,13,'modificar',1),(50,1,13,'eliminar',1),(51,1,14,'registrar',1),(52,1,14,'ver',1),(53,1,14,'modificar',1),(54,1,14,'eliminar',1),(55,1,15,'registrar',1),(56,1,15,'ver',1),(57,1,15,'modificar',1),(58,1,15,'eliminar',1),(59,1,16,'registrar',1),(60,1,16,'ver',1),(61,1,16,'modificar',1),(62,1,16,'eliminar',1),(63,1,17,'registrar',1),(64,1,17,'ver',1),(65,1,17,'modificar',1),(66,1,17,'eliminar',1),(67,1,18,'registrar',1),(68,1,18,'ver',1),(69,1,18,'modificar',1),(70,1,18,'eliminar',1),(71,1,19,'registrar',1),(72,1,19,'ver',1),(73,1,19,'modificar',1),(74,1,19,'eliminar',1),(75,1,20,'registrar',1),(76,1,20,'ver',1),(77,1,20,'modificar',1),(78,1,20,'eliminar',1),(79,1,21,'registrar',1),(80,1,21,'ver',1),(81,1,21,'modificar',1),(82,1,21,'eliminar',1),(83,1,22,'registrar',1),(84,1,22,'ver',1),(85,1,22,'modificar',1),(86,1,22,'eliminar',1),(87,1,23,'registrar',1),(88,1,23,'ver',1),(89,1,23,'modificar',1),(90,1,23,'eliminar',1),(91,1,24,'registrar',1),(92,1,24,'ver',1),(93,1,24,'modificar',1),(94,1,24,'eliminar',1),(95,2,1,'registrar',1),(96,2,1,'ver',1),(97,2,1,'modificar',1),(98,2,1,'eliminar',1),(99,2,2,'registrar',1),(100,2,2,'ver',1),(101,2,2,'modificar',1),(102,2,2,'eliminar',1),(103,2,3,'ver',1),(104,2,4,'ver',1),(105,2,4,'exportar',1),(106,2,4,'importar',1),(107,2,4,'eliminar',1),(108,2,5,'registrar',1),(109,2,5,'ver',1),(110,2,5,'modificar',1),(111,2,5,'eliminar',1),(112,2,6,'registrar',1),(113,2,6,'ver',1),(114,2,6,'modificar',1),(115,2,6,'eliminar',1),(116,2,7,'registrar',1),(117,2,7,'ver_solicitud',1),(118,2,7,'ver_mi_solicitud',1),(119,2,7,'modificar',1),(120,2,7,'eliminar',1),(121,2,8,'registrar',1),(122,2,8,'ver',1),(123,2,8,'modificar',1),(124,2,8,'eliminar',1),(125,2,9,'registrar',1),(126,2,9,'ver',1),(127,2,9,'modificar',1),(128,2,9,'eliminar',1),(129,2,10,'registrar',1),(130,2,10,'ver',1),(131,2,10,'modificar',1),(132,2,10,'eliminar',1),(133,2,11,'registrar',1),(134,2,11,'ver',1),(135,2,11,'modificar',1),(136,2,11,'eliminar',1),(137,2,12,'registrar',1),(138,2,12,'ver',1),(139,2,12,'modificar',1),(140,2,12,'eliminar',1),(141,2,13,'registrar',1),(142,2,13,'ver',1),(143,2,13,'modificar',1),(144,2,13,'eliminar',1),(145,2,14,'registrar',1),(146,2,14,'ver',1),(147,2,14,'modificar',1),(148,2,14,'eliminar',1),(149,2,15,'registrar',1),(150,2,15,'ver',1),(151,2,15,'modificar',1),(152,2,15,'eliminar',1),(153,2,16,'registrar',1),(154,2,16,'ver',1),(155,2,16,'modificar',1),(156,2,16,'eliminar',1),(157,2,17,'registrar',0),(158,2,17,'ver',0),(159,2,17,'modificar',0),(160,2,17,'eliminar',0),(161,2,18,'registrar',0),(162,2,18,'ver',0),(163,2,18,'modificar',0),(164,2,18,'eliminar',0),(165,2,19,'registrar',0),(166,2,19,'ver',0),(167,2,19,'modificar',0),(168,2,19,'eliminar',0),(169,2,20,'registrar',0),(170,2,20,'ver',0),(171,2,20,'modificar',0),(172,2,20,'eliminar',0),(173,2,21,'registrar',0),(174,2,21,'ver',0),(175,2,21,'modificar',0),(176,2,21,'eliminar',0),(177,2,22,'registrar',0),(178,2,22,'ver',0),(179,2,22,'modificar',0),(180,2,22,'eliminar',0),(181,2,23,'registrar',0),(182,2,23,'ver',0),(183,2,23,'modificar',0),(184,2,23,'eliminar',0),(185,2,24,'registrar',0),(186,2,24,'ver',0),(187,2,24,'modificar',0),(188,2,24,'eliminar',0),(189,3,1,'registrar',1),(190,3,1,'ver',1),(191,3,1,'modificar',1),(192,3,1,'eliminar',1),(193,3,2,'registrar',1),(194,3,2,'ver',1),(195,3,2,'modificar',1),(196,3,2,'eliminar',1),(197,3,3,'ver',1),(198,3,4,'ver',1),(199,3,4,'exportar',1),(200,3,4,'importar',1),(201,3,4,'eliminar',1),(202,3,5,'registrar',1),(203,3,5,'ver',1),(204,3,5,'modificar',1),(205,3,5,'eliminar',1),(206,3,6,'registrar',1),(207,3,6,'ver',1),(208,3,6,'modificar',1),(209,3,6,'eliminar',1),(210,3,7,'registrar',0),(211,3,7,'ver_solicitud',0),(212,3,7,'ver_mi_solicitud',0),(213,3,7,'modificar',0),(214,3,7,'eliminar',0),(215,3,8,'registrar',0),(216,3,8,'ver',0),(217,3,8,'modificar',0),(218,3,8,'eliminar',0),(219,3,9,'registrar',0),(220,3,9,'ver',0),(221,3,9,'modificar',0),(222,3,9,'eliminar',0),(223,3,10,'registrar',0),(224,3,10,'ver',0),(225,3,10,'modificar',0),(226,3,10,'eliminar',0),(227,3,11,'registrar',0),(228,3,11,'ver',0),(229,3,11,'modificar',0),(230,3,11,'eliminar',0),(231,3,12,'registrar',0),(232,3,12,'ver',0),(233,3,12,'modificar',0),(234,3,12,'eliminar',0),(235,3,13,'registrar',0),(236,3,13,'ver',0),(237,3,13,'modificar',0),(238,3,13,'eliminar',0),(239,3,14,'registrar',0),(240,3,14,'ver',0),(241,3,14,'modificar',0),(242,3,14,'eliminar',0),(243,3,15,'registrar',0),(244,3,15,'ver',0),(245,3,15,'modificar',0),(246,3,15,'eliminar',0),(247,3,16,'registrar',0),(248,3,16,'ver',0),(249,3,16,'modificar',0),(250,3,16,'eliminar',0),(251,3,17,'registrar',0),(252,3,17,'ver',0),(253,3,17,'modificar',0),(254,3,17,'eliminar',0),(255,3,18,'registrar',0),(256,3,18,'ver',0),(257,3,18,'modificar',0),(258,3,18,'eliminar',0),(259,3,19,'registrar',0),(260,3,19,'ver',0),(261,3,19,'modificar',0),(262,3,19,'eliminar',0),(263,3,20,'registrar',0),(264,3,20,'ver',0),(265,3,20,'modificar',0),(266,3,20,'eliminar',0),(267,3,21,'registrar',0),(268,3,21,'ver',0),(269,3,21,'modificar',0),(270,3,21,'eliminar',0),(271,3,22,'registrar',1),(272,3,22,'ver',1),(273,3,22,'modificar',1),(274,3,22,'eliminar',1),(275,3,23,'registrar',0),(276,3,23,'ver',0),(277,3,23,'modificar',0),(278,3,23,'eliminar',0),(279,3,24,'registrar',0),(280,3,24,'ver',0),(281,3,24,'modificar',0),(282,3,24,'eliminar',0),(284,9,1,'registrar',1),(285,9,1,'ver',1),(286,9,1,'modificar',1),(287,9,1,'eliminar',1),(288,9,2,'registrar',1),(289,9,2,'ver',1),(290,9,2,'modificar',1),(291,9,2,'eliminar',1),(292,9,3,'ver',1),(293,9,4,'ver',1),(294,9,4,'exportar',1),(295,9,4,'importar',1),(296,9,4,'eliminar',1),(297,9,5,'registrar',1),(298,9,5,'ver',1),(299,9,5,'modificar',1),(300,9,5,'eliminar',1),(301,9,6,'registrar',1),(302,9,6,'ver',1),(303,9,6,'modificar',1),(304,9,6,'eliminar',1),(305,9,7,'registrar',1),(306,9,7,'ver_solicitud',0),(307,9,7,'ver_mi_solicitud',0),(308,9,7,'modificar',1),(309,9,7,'eliminar',1),(310,9,8,'registrar',1),(311,9,8,'ver',1),(312,9,8,'modificar',1),(313,9,8,'eliminar',1),(314,9,9,'registrar',1),(315,9,9,'ver',1),(316,9,9,'modificar',1),(317,9,9,'eliminar',1),(318,9,10,'registrar',0),(319,9,10,'ver',0),(320,9,10,'modificar',0),(321,9,10,'eliminar',0),(322,9,11,'registrar',0),(323,9,11,'ver',0),(324,9,11,'modificar',0),(325,9,11,'eliminar',0),(326,9,12,'registrar',0),(327,9,12,'ver',0),(328,9,12,'modificar',0),(329,9,12,'eliminar',0),(330,9,13,'registrar',0),(331,9,13,'ver',0),(332,9,13,'modificar',0),(333,9,13,'eliminar',0),(334,9,14,'registrar',0),(335,9,14,'ver',0),(336,9,14,'modificar',0),(337,9,14,'eliminar',0),(338,9,15,'registrar',0),(339,9,15,'ver',0),(340,9,15,'modificar',0),(341,9,15,'eliminar',0),(342,9,16,'registrar',0),(343,9,16,'ver',0),(344,9,16,'modificar',0),(345,9,16,'eliminar',0),(346,9,17,'registrar',0),(347,9,17,'ver',0),(348,9,17,'modificar',0),(349,9,17,'eliminar',0),(350,9,18,'registrar',0),(351,9,18,'ver',0),(352,9,18,'modificar',0),(353,9,18,'eliminar',0),(354,9,19,'registrar',0),(355,9,19,'ver',0),(356,9,19,'modificar',0),(357,9,19,'eliminar',0),(358,9,20,'registrar',0),(359,9,20,'ver',0),(360,9,20,'modificar',0),(361,9,20,'eliminar',0),(362,9,21,'registrar',0),(363,9,21,'ver',0),(364,9,21,'modificar',0),(365,9,21,'eliminar',0),(366,9,22,'registrar',0),(367,9,22,'ver',0),(368,9,22,'modificar',0),(369,9,22,'eliminar',0),(370,9,23,'registrar',0),(371,9,23,'ver',0),(372,9,23,'modificar',0),(373,9,23,'eliminar',0),(374,9,24,'registrar',0),(375,9,24,'ver',0),(376,9,24,'modificar',0),(377,9,24,'eliminar',0),(378,9,1,'restaurar',1),(379,9,2,'restaurar',1),(380,9,5,'restaurar',1),(381,9,6,'restaurar',1),(382,9,7,'restaurar',0),(383,9,8,'restaurar',1),(384,9,9,'restaurar',0),(385,9,10,'restaurar',0),(386,9,11,'restaurar',0),(387,9,12,'restaurar',0),(388,9,13,'restaurar',0),(389,9,14,'restaurar',0),(390,9,15,'restaurar',0),(391,9,16,'restaurar',0),(392,9,17,'restaurar',0),(393,9,18,'restaurar',0),(394,9,19,'restaurar',0),(395,9,22,'restaurar',0),(396,9,23,'restaurar',0),(397,9,24,'restaurar',0),(398,1,1,'restaurar',1),(399,1,2,'restaurar',1),(400,1,5,'restaurar',1),(401,1,6,'restaurar',1),(402,1,7,'restaurar',1),(403,1,8,'restaurar',1),(404,1,9,'restaurar',1),(405,1,10,'restaurar',1),(406,1,11,'restaurar',1),(407,1,12,'restaurar',1),(408,1,13,'restaurar',1),(409,1,14,'restaurar',1),(410,1,15,'restaurar',1),(411,1,16,'restaurar',1),(412,1,17,'restaurar',1),(413,1,18,'restaurar',1),(414,1,19,'restaurar',1),(415,1,22,'restaurar',1),(416,1,23,'restaurar',1),(417,1,24,'restaurar',1),(418,2,1,'restaurar',1),(419,2,2,'restaurar',1),(420,2,5,'restaurar',0),(421,2,6,'restaurar',0),(422,2,7,'restaurar',0),(423,2,8,'restaurar',0),(424,2,9,'restaurar',0),(425,2,10,'restaurar',0),(426,2,11,'restaurar',0),(427,2,12,'restaurar',0),(428,2,13,'restaurar',1),(429,2,14,'restaurar',1),(430,2,15,'restaurar',1),(431,2,16,'restaurar',1),(432,2,17,'restaurar',0),(433,2,18,'restaurar',0),(434,2,19,'restaurar',0),(435,2,22,'restaurar',0),(436,2,23,'restaurar',0),(437,2,24,'restaurar',0),(438,10,1,'registrar',0),(439,10,1,'ver',0),(440,10,1,'modificar',0),(441,10,1,'eliminar',0),(442,10,1,'restaurar',0),(443,10,2,'registrar',0),(444,10,2,'ver',0),(445,10,2,'modificar',0),(446,10,2,'eliminar',0),(447,10,2,'restaurar',0),(448,10,3,'ver',1),(449,10,4,'ver',0),(450,10,4,'exportar',0),(451,10,4,'importar',0),(452,10,4,'eliminar',0),(453,10,5,'registrar',1),(454,10,5,'ver',1),(455,10,5,'modificar',1),(456,10,5,'eliminar',1),(457,10,5,'restaurar',1),(458,10,6,'registrar',1),(459,10,6,'ver',1),(460,10,6,'modificar',1),(461,10,6,'eliminar',1),(462,10,6,'restaurar',1),(463,10,7,'registrar',1),(464,10,7,'ver_solicitud',1),(465,10,7,'ver_mi_solicitud',1),(466,10,7,'modificar',1),(467,10,7,'eliminar',1),(468,10,7,'restaurar',1),(469,10,8,'registrar',1),(470,10,8,'ver',1),(471,10,8,'modificar',1),(472,10,8,'eliminar',1),(473,10,8,'restaurar',1),(474,10,9,'registrar',0),(475,10,9,'ver',0),(476,10,9,'modificar',0),(477,10,9,'eliminar',0),(478,10,9,'restaurar',0),(479,10,10,'registrar',0),(480,10,10,'ver',0),(481,10,10,'modificar',0),(482,10,10,'eliminar',0),(483,10,10,'restaurar',0),(484,10,11,'registrar',0),(485,10,11,'ver',0),(486,10,11,'modificar',0),(487,10,11,'eliminar',0),(488,10,11,'restaurar',0),(489,10,12,'registrar',0),(490,10,12,'ver',0),(491,10,12,'modificar',0),(492,10,12,'eliminar',0),(493,10,12,'restaurar',0),(494,10,13,'registrar',0),(495,10,13,'ver',0),(496,10,13,'modificar',0),(497,10,13,'eliminar',0),(498,10,13,'restaurar',0),(499,10,14,'registrar',1),(500,10,14,'ver',1),(501,10,14,'modificar',1),(502,10,14,'eliminar',1),(503,10,14,'restaurar',1),(504,10,15,'registrar',0),(505,10,15,'ver',0),(506,10,15,'modificar',0),(507,10,15,'eliminar',0),(508,10,15,'restaurar',0),(509,10,16,'registrar',0),(510,10,16,'ver',0),(511,10,16,'modificar',0),(512,10,16,'eliminar',0),(513,10,16,'restaurar',0),(514,10,17,'registrar',0),(515,10,17,'ver',0),(516,10,17,'modificar',0),(517,10,17,'eliminar',0),(518,10,17,'restaurar',0),(519,10,18,'registrar',0),(520,10,18,'ver',0),(521,10,18,'modificar',0),(522,10,18,'eliminar',0),(523,10,18,'restaurar',0),(524,10,19,'registrar',0),(525,10,19,'ver',0),(526,10,19,'modificar',0),(527,10,19,'eliminar',0),(528,10,19,'restaurar',0),(529,10,20,'registrar',0),(530,10,20,'ver',0),(531,10,20,'modificar',0),(532,10,20,'eliminar',0),(533,10,21,'registrar',0),(534,10,21,'ver',0),(535,10,21,'modificar',0),(536,10,21,'eliminar',0),(537,10,22,'registrar',0),(538,10,22,'ver',0),(539,10,22,'modificar',0),(540,10,22,'eliminar',0),(541,10,22,'restaurar',0),(542,10,23,'registrar',1),(543,10,23,'ver',1),(544,10,23,'modificar',1),(545,10,23,'eliminar',1),(546,10,23,'restaurar',1),(547,10,24,'registrar',1),(548,10,24,'ver',1),(549,10,24,'modificar',1),(550,10,24,'eliminar',1),(551,10,24,'restaurar',1),(552,11,1,'registrar',0),(553,11,1,'ver',0),(554,11,1,'modificar',0),(555,11,1,'eliminar',0),(556,11,1,'restaurar',0),(557,11,2,'registrar',0),(558,11,2,'ver',0),(559,11,2,'modificar',0),(560,11,2,'eliminar',0),(561,11,2,'restaurar',0),(562,11,3,'ver',0),(563,11,4,'ver',0),(564,11,4,'exportar',0),(565,11,4,'importar',0),(566,11,4,'eliminar',0),(567,11,5,'registrar',0),(568,11,5,'ver',0),(569,11,5,'modificar',0),(570,11,5,'eliminar',0),(571,11,5,'restaurar',0),(572,11,6,'registrar',0),(573,11,6,'ver',0),(574,11,6,'modificar',0),(575,11,6,'eliminar',0),(576,11,6,'restaurar',0),(577,11,7,'registrar',0),(578,11,7,'ver_solicitud',0),(579,11,7,'ver_mi_solicitud',0),(580,11,7,'modificar',0),(581,11,7,'eliminar',0),(582,11,7,'restaurar',0),(583,11,8,'registrar',0),(584,11,8,'ver',0),(585,11,8,'modificar',0),(586,11,8,'eliminar',0),(587,11,8,'restaurar',0),(588,11,9,'registrar',0),(589,11,9,'ver',0),(590,11,9,'modificar',0),(591,11,9,'eliminar',0),(592,11,9,'restaurar',0),(593,11,10,'registrar',0),(594,11,10,'ver',0),(595,11,10,'modificar',0),(596,11,10,'eliminar',0),(597,11,10,'restaurar',0),(598,11,11,'registrar',0),(599,11,11,'ver',0),(600,11,11,'modificar',0),(601,11,11,'eliminar',0),(602,11,11,'restaurar',0),(603,11,12,'registrar',0),(604,11,12,'ver',0),(605,11,12,'modificar',0),(606,11,12,'eliminar',0),(607,11,12,'restaurar',0),(608,11,13,'registrar',0),(609,11,13,'ver',0),(610,11,13,'modificar',0),(611,11,13,'eliminar',0),(612,11,13,'restaurar',0),(613,11,14,'registrar',0),(614,11,14,'ver',0),(615,11,14,'modificar',0),(616,11,14,'eliminar',0),(617,11,14,'restaurar',0),(618,11,15,'registrar',0),(619,11,15,'ver',0),(620,11,15,'modificar',0),(621,11,15,'eliminar',0),(622,11,15,'restaurar',0),(623,11,16,'registrar',0),(624,11,16,'ver',0),(625,11,16,'modificar',0),(626,11,16,'eliminar',0),(627,11,16,'restaurar',0),(628,11,17,'registrar',0),(629,11,17,'ver',0),(630,11,17,'modificar',0),(631,11,17,'eliminar',0),(632,11,17,'restaurar',0),(633,11,18,'registrar',0),(634,11,18,'ver',0),(635,11,18,'modificar',0),(636,11,18,'eliminar',0),(637,11,18,'restaurar',0),(638,11,19,'registrar',0),(639,11,19,'ver',0),(640,11,19,'modificar',0),(641,11,19,'eliminar',0),(642,11,19,'restaurar',0),(643,11,20,'registrar',0),(644,11,20,'ver',0),(645,11,20,'modificar',0),(646,11,20,'eliminar',0),(647,11,21,'registrar',0),(648,11,21,'ver',0),(649,11,21,'modificar',0),(650,11,21,'eliminar',0),(651,11,22,'registrar',0),(652,11,22,'ver',0),(653,11,22,'modificar',0),(654,11,22,'eliminar',0),(655,11,22,'restaurar',0),(656,11,23,'registrar',0),(657,11,23,'ver',0),(658,11,23,'modificar',0),(659,11,23,'eliminar',0),(660,11,23,'restaurar',0),(661,11,24,'registrar',1),(662,11,24,'ver',1),(663,11,24,'modificar',1),(664,11,24,'eliminar',1),(665,11,24,'restaurar',1),(666,12,1,'registrar',0),(667,12,1,'ver',0),(668,12,1,'modificar',0),(669,12,1,'eliminar',0),(670,12,1,'restaurar',0),(671,12,2,'registrar',0),(672,12,2,'ver',0),(673,12,2,'modificar',0),(674,12,2,'eliminar',0),(675,12,2,'restaurar',0),(676,12,3,'ver',0),(677,12,4,'ver',1),(678,12,4,'exportar',1),(679,12,4,'importar',1),(680,12,4,'eliminar',1),(681,12,5,'registrar',1),(682,12,5,'ver',1),(683,12,5,'modificar',1),(684,12,5,'eliminar',1),(685,12,5,'restaurar',1),(686,12,6,'registrar',1),(687,12,6,'ver',1),(688,12,6,'modificar',1),(689,12,6,'eliminar',1),(690,12,6,'restaurar',1),(691,12,7,'registrar',1),(692,12,7,'ver_solicitud',1),(693,12,7,'ver_mi_solicitud',1),(694,12,7,'modificar',1),(695,12,7,'eliminar',1),(696,12,7,'restaurar',1),(697,12,8,'registrar',1),(698,12,8,'ver',1),(699,12,8,'modificar',1),(700,12,8,'eliminar',1),(701,12,8,'restaurar',1),(702,12,9,'registrar',1),(703,12,9,'ver',1),(704,12,9,'modificar',1),(705,12,9,'eliminar',1),(706,12,9,'restaurar',1),(707,12,10,'registrar',1),(708,12,10,'ver',1),(709,12,10,'modificar',1),(710,12,10,'eliminar',1),(711,12,10,'restaurar',1),(712,12,11,'registrar',1),(713,12,11,'ver',1),(714,12,11,'modificar',1),(715,12,11,'eliminar',1),(716,12,11,'restaurar',1),(717,12,12,'registrar',0),(718,12,12,'ver',0),(719,12,12,'modificar',0),(720,12,12,'eliminar',0),(721,12,12,'restaurar',0),(722,12,13,'registrar',0),(723,12,13,'ver',0),(724,12,13,'modificar',0),(725,12,13,'eliminar',0),(726,12,13,'restaurar',0),(727,12,14,'registrar',0),(728,12,14,'ver',0),(729,12,14,'modificar',0),(730,12,14,'eliminar',0),(731,12,14,'restaurar',0),(732,12,15,'registrar',0),(733,12,15,'ver',0),(734,12,15,'modificar',0),(735,12,15,'eliminar',0),(736,12,15,'restaurar',0),(737,12,16,'registrar',0),(738,12,16,'ver',0),(739,12,16,'modificar',0),(740,12,16,'eliminar',0),(741,12,16,'restaurar',0),(742,12,17,'registrar',1),(743,12,17,'ver',1),(744,12,17,'modificar',1),(745,12,17,'eliminar',1),(746,12,17,'restaurar',1),(747,12,18,'registrar',0),(748,12,18,'ver',0),(749,12,18,'modificar',0),(750,12,18,'eliminar',0),(751,12,18,'restaurar',0),(752,12,19,'registrar',0),(753,12,19,'ver',0),(754,12,19,'modificar',0),(755,12,19,'eliminar',0),(756,12,19,'restaurar',0),(757,12,20,'registrar',1),(758,12,20,'ver',1),(759,12,20,'modificar',1),(760,12,20,'eliminar',1),(761,12,21,'registrar',1),(762,12,21,'ver',1),(763,12,21,'modificar',1),(764,12,21,'eliminar',1),(765,12,22,'registrar',0),(766,12,22,'ver',0),(767,12,22,'modificar',0),(768,12,22,'eliminar',0),(769,12,22,'restaurar',0),(770,12,23,'registrar',0),(771,12,23,'ver',0),(772,12,23,'modificar',0),(773,12,23,'eliminar',0),(774,12,23,'restaurar',0),(775,12,24,'registrar',1),(776,12,24,'ver',1),(777,12,24,'modificar',1),(778,12,24,'eliminar',1),(779,12,24,'restaurar',1);
/*!40000 ALTER TABLE `permiso` ENABLE KEYS */;
UNLOCK TABLES;

--
-- Table structure for table `rol`
--

DROP TABLE IF EXISTS `rol`;
/*!40101 SET @saved_cs_client     = @@character_set_client */;
/*!40101 SET character_set_client = utf8 */;
CREATE TABLE `rol` (
  `id_rol` int(11) NOT NULL AUTO_INCREMENT,
  `nombre_rol` varchar(45) CHARACTER SET utf8 COLLATE utf8_bin NOT NULL,
  `estatus` int(1) NOT NULL DEFAULT 1,
  PRIMARY KEY (`id_rol`)
) ENGINE=InnoDB AUTO_INCREMENT=13 DEFAULT CHARSET=utf8 COLLATE=utf8_unicode_ci;
/*!40101 SET character_set_client = @saved_cs_client */;

--
-- Dumping data for table `rol`
--

LOCK TABLES `rol` WRITE;
/*!40000 ALTER TABLE `rol` DISABLE KEYS */;
INSERT INTO `rol` VALUES (1,'SUPERUSUARIO',1),(2,'ADMINISTRADOR',1),(3,'TECNICO',1),(4,'SECRETARIA',1),(5,'SOLICITANTE',1),(6,'VISITANTE',1),(9,'PRUEBA',0),(10,'DIRECTOR',1),(11,'ENCARGADA',0),(12,'JEFE',1);
/*!40000 ALTER TABLE `rol` ENABLE KEYS */;
UNLOCK TABLES;

--
-- Table structure for table `usuario`
--

DROP TABLE IF EXISTS `usuario`;
/*!40101 SET @saved_cs_client     = @@character_set_client */;
/*!40101 SET character_set_client = utf8 */;
CREATE TABLE `usuario` (
  `nombre_usuario` varchar(45) CHARACTER SET ascii COLLATE ascii_general_ci NOT NULL,
  `cedula` varchar(12) NOT NULL,
  `id_rol` int(11) NOT NULL,
  `nombres` varchar(65) NOT NULL,
  `apellidos` varchar(65) NOT NULL,
  `telefono` varchar(13) NOT NULL,
  `correo` varchar(45) NOT NULL,
  `clave` varchar(128) NOT NULL,
  `foto` varchar(50) NOT NULL,
  `estatus` int(1) NOT NULL DEFAULT 1,
  PRIMARY KEY (`nombre_usuario`),
  UNIQUE KEY `cedula` (`cedula`),
  UNIQUE KEY `cedula_2` (`cedula`),
  KEY `id_rol` (`id_rol`),
  CONSTRAINT `usuario_ibfk_1` FOREIGN KEY (`id_rol`) REFERENCES `rol` (`id_rol`) ON DELETE CASCADE ON UPDATE CASCADE
) ENGINE=InnoDB DEFAULT CHARSET=utf8mb4 COLLATE=utf8mb4_general_ci;
/*!40101 SET character_set_client = @saved_cs_client */;

--
-- Dumping data for table `usuario`
--

LOCK TABLES `usuario` WRITE;
/*!40000 ALTER TABLE `usuario` DISABLE KEYS */;
INSERT INTO `usuario` VALUES ('anita_1516','V-32567189',6,'Anita Josefina','Patiño','0412-1670445','anita_1526@gmail.com','$2y$10$pAW2tRZ./SzKuT7cQABU.OuqIG.rVgO0XsHylFgO1MH0SKxu8xMq.','',1),('cabrerajorge','V-31843937',1,'Jorge','Cabrera','0424-5567016','cabrerajorge2003@gmail.com','$2y$10$d64FtFMmW8sTyuiKyxD52eN0q9vdBEglqAbOJXUzw80aRB3/uko7K','',1),('elymost_wanted','V-31245781',6,'Elys','Sivira','0416-0426123','elyelprogamer@gmail.com','','',1),('frank30','V-30454597',2,'Frankling','Fonseca','0424-5041921','ranklinjavierfonsecavasquez@gmail.com','$2y$10$d64FtFMmW8sTyuiKyxD52eN0q9vdBEglqAbOJXUzw80aRB3/uko7K','',0),('imanol1520','V-32678991',3,'Imanol','Patiño','0412-1670812','imanol_45@gmail.com','','',1),('joli17','V-4865342',4,'Angelina','Joliet','0414-1050663','joliethollywood@gmail.com','','',1),('lonnar15','V-22450312',2,'Leonardo','DiCaprio','0416-7091089','leonard_15@gmail.com','$2y$10$twZvWGxCCvMx.MxhU.AqGeKzN5IInqTZyCC4WkL1z8MbUpnMIjT3m','',1),('lz2712','V-30266398',2,'Leizer','Torrealba','0416-0506544','leizeraponte2020@gmail.com','$2y$10$sONqWv4yy5PEeePKYljGXOLjFuJa1lMz9yua.3cMVAHG4hU.75Jpe','assets/img/foto-perfil/V-30266398.png',1),('mari14','V-30587785',2,'Mariangel','Bokor','0424-5319088','bokorarcangel47@gmail.com','','',1),('maria123','V-21140325',2,'Felix','Mujica','0400-0000000','ejemplo@gmail.com','12345','',0),('root','V-1234567',1,'root','admin','0000-0000000','prueba@gmail.com','$2y$10$sONqWv4yy5PEeePKYljGXOLjFuJa1lMz9yua.3cMVAHG4hU.75Jpe','',1);
/*!40000 ALTER TABLE `usuario` ENABLE KEYS */;
UNLOCK TABLES;
/*!40103 SET TIME_ZONE=@OLD_TIME_ZONE */;

/*!40101 SET SQL_MODE=@OLD_SQL_MODE */;
/*!40014 SET FOREIGN_KEY_CHECKS=@OLD_FOREIGN_KEY_CHECKS */;
/*!40014 SET UNIQUE_CHECKS=@OLD_UNIQUE_CHECKS */;
/*!40101 SET CHARACTER_SET_CLIENT=@OLD_CHARACTER_SET_CLIENT */;
/*!40101 SET CHARACTER_SET_RESULTS=@OLD_CHARACTER_SET_RESULTS */;
/*!40101 SET COLLATION_CONNECTION=@OLD_COLLATION_CONNECTION */;
/*!40111 SET SQL_NOTES=@OLD_SQL_NOTES */;

-- Dump completed on 2025-07-02 13:33:19
