-- MariaDB dump 10.19  Distrib 10.4.32-MariaDB, for Win64 (AMD64)
--
-- Host: localhost    Database: sigso_usuario
-- ------------------------------------------------------
-- Server version	10.4.32-MariaDB

/*!40101 SET @OLD_CHARACTER_SET_CLIENT=@@CHARACTER_SET_CLIENT */;
/*!40101 SET @OLD_CHARACTER_SET_RESULTS=@@CHARACTER_SET_RESULTS */;
/*!40101 SET @OLD_COLLATION_CONNECTION=@@COLLATION_CONNECTION */;
/*!40101 SET NAMES utf8mb4 */;
/*!40103 SET @OLD_TIME_ZONE=@@TIME_ZONE */;
/*!40103 SET TIME_ZONE='+00:00' */;
/*!40014 SET @OLD_UNIQUE_CHECKS=@@UNIQUE_CHECKS, UNIQUE_CHECKS=0 */;
/*!40014 SET @OLD_FOREIGN_KEY_CHECKS=@@FOREIGN_KEY_CHECKS, FOREIGN_KEY_CHECKS=0 */;
/*!40101 SET @OLD_SQL_MODE=@@SQL_MODE, SQL_MODE='NO_AUTO_VALUE_ON_ZERO' */;
/*!40111 SET @OLD_SQL_NOTES=@@SQL_NOTES, SQL_NOTES=0 */;

--
-- Current Database: `sigso_usuario`
--

/*!40000 DROP DATABASE IF EXISTS `sigso_usuario`*/;

CREATE DATABASE /*!32312 IF NOT EXISTS*/ `sigso_usuario` /*!40100 DEFAULT CHARACTER SET utf8 COLLATE utf8_unicode_ci */;

USE `sigso_usuario`;

--
-- Table structure for table `bitacora`
--

DROP TABLE IF EXISTS `bitacora`;
/*!40101 SET @saved_cs_client     = @@character_set_client */;
/*!40101 SET character_set_client = utf8 */;
CREATE TABLE `bitacora` (
  `id_bitacora` int(11) NOT NULL AUTO_INCREMENT,
  `usuario` varchar(45) CHARACTER SET ascii COLLATE ascii_general_ci DEFAULT NULL,
  `modulo` varchar(45) NOT NULL,
  `accion_bitacora` varchar(100) NOT NULL,
  `fecha` date NOT NULL,
  `hora` time NOT NULL,
  PRIMARY KEY (`id_bitacora`),
  KEY `usuario` (`usuario`),
  CONSTRAINT `bitacora_ibfk_1` FOREIGN KEY (`usuario`) REFERENCES `usuario` (`nombre_usuario`) ON DELETE SET NULL ON UPDATE CASCADE
) ENGINE=InnoDB AUTO_INCREMENT=9204 DEFAULT CHARSET=utf8 COLLATE=utf8_unicode_ci;
/*!40101 SET character_set_client = @saved_cs_client */;

--
-- Dumping data for table `bitacora`
--

LOCK TABLES `bitacora` WRITE;
/*!40000 ALTER TABLE `bitacora` DISABLE KEYS */;
INSERT INTO `bitacora` VALUES (8662,'cabrerajorge','Backup','(cabrerajorge), Se generó un nuevo backup','2025-07-13','15:01:44'),(8663,'cabrerajorge','Backup','(cabrerajorge), Se eliminó un backup','2025-07-13','15:02:21'),(8664,'cabrerajorge','Backup','(cabrerajorge), Se generó un nuevo backup','2025-07-13','15:03:54'),(8665,'cabrerajorge','Dashboard','(cabrerajorge), Ingresó al Módulo de Dashboard','2025-07-13','15:54:28'),(8666,'cabrerajorge','Dashboard','(cabrerajorge), Ingresó al Módulo de Dashboard','2025-07-13','15:55:25'),(8667,'cabrerajorge','Dashboard','(cabrerajorge), Ingresó al Módulo de Dashboard','2025-07-13','16:01:51'),(8668,'cabrerajorge','Dashboard','(cabrerajorge), Ingresó al Módulo de Dashboard','2025-07-13','16:03:38'),(8669,'cabrerajorge','Dashboard','(cabrerajorge), Ingresó al Módulo de Dashboard','2025-07-13','16:03:53'),(8670,'cabrerajorge','Dashboard','(cabrerajorge), Ingresó al Módulo de Dashboard','2025-07-13','16:03:56'),(8671,'cabrerajorge','Dashboard','(cabrerajorge), Ingresó al Módulo de Dashboard','2025-07-13','16:06:54'),(8672,'cabrerajorge','Dashboard','(cabrerajorge), Ingresó al Módulo de Dashboard','2025-07-13','16:06:55'),(8673,'cabrerajorge','Dashboard','(cabrerajorge), Ingresó al Módulo de Dashboard','2025-07-13','16:06:57'),(8674,'cabrerajorge','Dashboard','(cabrerajorge), Ingresó al Módulo de Dashboard','2025-07-13','16:06:58'),(8675,'cabrerajorge','Dashboard','(cabrerajorge), Ingresó al Módulo de Dashboard','2025-07-13','16:07:35'),(8676,'cabrerajorge','Dashboard','(cabrerajorge), Ingresó al Módulo de Dashboard','2025-07-13','16:11:26'),(8677,'cabrerajorge','Dashboard','(cabrerajorge), Ingresó al Módulo de Dashboard','2025-07-13','16:11:58'),(8678,'cabrerajorge','Dashboard','(cabrerajorge), Ingresó al Módulo de Dashboard','2025-07-13','16:12:00'),(8679,'cabrerajorge','Dashboard','(cabrerajorge), Ingresó al Módulo de Dashboard','2025-07-13','16:17:52'),(8680,'cabrerajorge','Dashboard','(cabrerajorge), Ingresó al Módulo de Dashboard','2025-07-13','17:27:01'),(8681,'cabrerajorge','Dashboard','(cabrerajorge), Ingresó al Módulo de Dashboard','2025-07-13','17:49:27'),(8682,'cabrerajorge','Solicitudes','(cabrerajorge), Ingresó al módulo de Solicitudes, lugar: Mis servicios','2025-07-13','17:50:03'),(8683,'cabrerajorge','Dashboard','(cabrerajorge), Ingresó al Módulo de Dashboard','2025-07-13','17:50:04'),(8684,'cabrerajorge','Dashboard','(cabrerajorge), Ingresó al Módulo de Dashboard','2025-07-13','17:50:30'),(8685,'cabrerajorge','Dashboard','(cabrerajorge), Ingresó al Módulo de Dashboard','2025-07-13','17:50:33'),(8686,'cabrerajorge','Dashboard','(cabrerajorge), Ingresó al Módulo de Dashboard','2025-07-13','17:50:45'),(8687,'cabrerajorge','Solicitudes','(cabrerajorge), Ingresó al módulo de Solicitudes, lugar: Mis servicios','2025-07-13','17:50:51'),(8688,'cabrerajorge','Dashboard','(cabrerajorge), Ingresó al Módulo de Dashboard','2025-07-13','17:50:52'),(8689,'cabrerajorge','Dashboard','(cabrerajorge), Ingresó al Módulo de Dashboard','2025-07-13','18:01:54'),(8690,'cabrerajorge','Dashboard','(cabrerajorge), Ingresó al Módulo de Dashboard','2025-07-13','18:01:59'),(8691,'cabrerajorge','Dashboard','(cabrerajorge), Ingresó al Módulo de Dashboard','2025-07-13','18:09:24'),(8692,'cabrerajorge','Dashboard','(cabrerajorge), Ingresó al Módulo de Dashboard','2025-07-13','18:10:35'),(8693,'cabrerajorge','Dashboard','(cabrerajorge), Ingresó al Módulo de Dashboard','2025-07-13','18:10:37'),(8694,'cabrerajorge','Servicio','(cabrerajorge), Ingresó al Módulo de Servicios Técnicos','2025-07-13','18:11:02'),(8695,'cabrerajorge','Dashboard','(cabrerajorge), Ingresó al Módulo de Dashboard','2025-07-13','18:15:06'),(8696,'cabrerajorge','Dashboard','(cabrerajorge), Ingresó al Módulo de Dashboard','2025-07-13','18:15:07'),(8697,'cabrerajorge','Dashboard','(cabrerajorge), Ingresó al Módulo de Dashboard','2025-07-13','18:15:09'),(8698,'cabrerajorge','Solicitudes','(cabrerajorge), Ingresó al módulo de Solicitudes, lugar: Mis servicios','2025-07-13','18:15:10'),(8699,'cabrerajorge','Patch Panel','(cabrerajorge), Ingresó al Módulo de Patch Panel','2025-07-13','18:15:15'),(8700,'cabrerajorge','Patch Panel','(cabrerajorge), Ingresó al Módulo de Patch Panel','2025-07-13','18:15:17'),(8701,'cabrerajorge','Patch Panel','(cabrerajorge), Ingresó al Módulo de Patch Panel','2025-07-13','18:15:18'),(8702,'cabrerajorge','TipoBien','(cabrerajorge), Ingresó al Módulo de Tipos de Bien','2025-07-13','18:15:25'),(8703,'cabrerajorge','Dashboard','(cabrerajorge), Ingresó al Módulo de Dashboard','2025-07-13','18:15:31'),(8704,'cabrerajorge','Dashboard','(cabrerajorge), Ingresó al Módulo de Dashboard','2025-07-13','18:15:50'),(8705,'cabrerajorge','Dashboard','(cabrerajorge), Ingresó al Módulo de Dashboard','2025-07-13','18:15:52'),(8706,'cabrerajorge','Dashboard','(cabrerajorge), Ingresó al Módulo de Dashboard','2025-07-13','18:15:57'),(8707,'cabrerajorge','Solicitud','(cabrerajorge), Ingresó al Módulo de Solicitud','2025-07-13','18:16:04'),(8708,'cabrerajorge','Servicio','(cabrerajorge), Ingresó al Módulo de Servicios Técnicos','2025-07-13','18:16:06'),(8709,'cabrerajorge','Equipo','(cabrerajorge), Ingresó al Módulo de Equipos','2025-07-13','18:16:08'),(8710,'cabrerajorge','Bien','(cabrerajorge), Ingresó al Módulo de Bienes','2025-07-13','18:16:11'),(8711,'cabrerajorge','Equipo','(cabrerajorge), Ingresó al Módulo de Equipos','2025-07-13','18:16:13'),(8712,'cabrerajorge','Material','(cabrerajorge), Ingresó al Módulo de Materiales','2025-07-13','18:16:14'),(8713,'cabrerajorge','TipoBien','(cabrerajorge), Ingresó al Módulo de Tipos de Bien','2025-07-13','18:16:17'),(8714,'cabrerajorge','Depedencia','(cabrerajorge), Ingresó al Módulo de Depedencia','2025-07-13','18:16:21'),(8715,'cabrerajorge','Ente','(cabrerajorge), Ingresó al Módulo de Ente','2025-07-13','18:16:23'),(8716,'cabrerajorge','Depedencia','(cabrerajorge), Ingresó al Módulo de Depedencia','2025-07-13','18:16:24'),(8717,'cabrerajorge','Unidad','(cabrerajorge), Ingresó al Módulo de Unidad','2025-07-13','18:16:25'),(8718,'cabrerajorge','Unidad','(cabrerajorge), Ingresó al Módulo de Unidad','2025-07-13','18:16:54'),(8719,'cabrerajorge','Unidad','(cabrerajorge), Ingresó al Módulo de Unidad','2025-07-13','18:16:55'),(8720,'cabrerajorge','Unidad','(cabrerajorge), Ingresó al Módulo de Unidad','2025-07-13','18:17:04'),(8721,'cabrerajorge','Unidad','(cabrerajorge), Ingresó al Módulo de Unidad','2025-07-13','18:17:05'),(8722,'cabrerajorge','Solicitud','(cabrerajorge), Ingresó al Módulo de Solicitud','2025-07-13','18:17:08'),(8723,'cabrerajorge','Bien','(cabrerajorge), Ingresó al Módulo de Bienes','2025-07-13','18:17:09'),(8724,'cabrerajorge','Material','(cabrerajorge), Ingresó al Módulo de Materiales','2025-07-13','18:17:11'),(8725,'cabrerajorge','Depedencia','(cabrerajorge), Ingresó al Módulo de Depedencia','2025-07-13','18:17:15'),(8726,'cabrerajorge','Ente','(cabrerajorge), Ingresó al Módulo de Ente','2025-07-13','18:17:16'),(8727,'cabrerajorge','Marca','(cabrerajorge), Ingresó al Módulo de Marca','2025-07-13','18:17:17'),(8728,'cabrerajorge','Dashboard','(cabrerajorge), Ingresó al Módulo de Dashboard','2025-07-13','18:17:20'),(8729,'cabrerajorge','Solicitudes','(cabrerajorge), Ingresó al módulo de Solicitudes, lugar: Mis servicios','2025-07-13','18:17:22'),(8730,'cabrerajorge','Dashboard','(cabrerajorge), Ingresó al Módulo de Dashboard','2025-07-13','18:17:24'),(8731,'cabrerajorge','Backup','(cabrerajorge), Se eliminó un backup','2025-07-13','18:18:07'),(8732,'cabrerajorge','Backup','(cabrerajorge), Se eliminó un backup','2025-07-13','18:18:09'),(8733,'cabrerajorge','Backup','(cabrerajorge), Se generó un nuevo backup','2025-07-13','18:18:15'),(8734,'cabrerajorge','Backup','(cabrerajorge), Se generó un nuevo backup','2025-07-13','18:18:19'),(8735,'cabrerajorge','Dashboard','(cabrerajorge), Ingresó al Módulo de Dashboard','2025-07-13','21:44:41'),(8736,'cabrerajorge','Dashboard','(cabrerajorge), Ingresó al Módulo de Dashboard','2025-07-13','21:44:45'),(8737,'cabrerajorge','Servicio','(cabrerajorge), Ingresó al Módulo de Servicios Técnicos','2025-07-13','21:48:32'),(8738,'cabrerajorge','Servicio','(cabrerajorge), Consultó la hoja de servicio #58','2025-07-13','21:49:38'),(8739,'cabrerajorge','Tipo de Servicio','(cabrerajorge), Ingresó al Módulo de Tipo de Servicio','2025-07-13','21:58:52'),(8740,'cabrerajorge','Empleado','(cabrerajorge), Ingresó al Módulo de Empleado','2025-07-13','22:00:59'),(8741,'cabrerajorge','Switch','(cabrerajorge), Ingresó al Módulo de Switch','2025-07-13','22:01:01'),(8742,'cabrerajorge','Tipo de Servicio','(cabrerajorge), Ingresó al Módulo de Tipo de Servicio','2025-07-13','22:01:22'),(8743,'cabrerajorge','Tipo de Servicio','(cabrerajorge), Se modificó el registro del servicio con el id:1','2025-07-13','22:02:09'),(8744,'cabrerajorge','Dashboard','(cabrerajorge), Ingresó al Módulo de Dashboard','2025-07-13','22:02:35'),(8745,'cabrerajorge','Solicitudes','(cabrerajorge), Ingresó al módulo de Solicitudes, lugar: Mis servicios','2025-07-13','22:02:37'),(8746,'cabrerajorge','Servicio','(cabrerajorge), Ingresó al Módulo de Servicios Técnicos','2025-07-13','22:02:48'),(8747,'cabrerajorge','Servicio','(cabrerajorge), Consultó la hoja de servicio #55','2025-07-13','22:03:09'),(8748,'cabrerajorge','Servicio','(cabrerajorge), Consultó la hoja de servicio #55','2025-07-13','22:03:14'),(8749,'cabrerajorge','Servicio','(cabrerajorge), Consultó la hoja de servicio #55','2025-07-13','22:03:14'),(8750,'cabrerajorge','Solicitudes','(cabrerajorge), Ingresó al módulo de Solicitudes, lugar: Mis servicios','2025-07-13','22:04:00'),(8751,'cabrerajorge','Solicitud','(cabrerajorge), Ingresó al Módulo de Solicitud','2025-07-13','22:04:05'),(8752,'cabrerajorge','Solicitudes','(cabrerajorge), Ingresó al módulo de Solicitudes, lugar: Mis servicios','2025-07-13','22:04:14'),(8753,'cabrerajorge','Solicitud','(cabrerajorge), Realizó una solicitud exitosamente','2025-07-13','22:04:20'),(8754,'cabrerajorge','Solicitud','(cabrerajorge), Realizó una solicitud exitosamente','2025-07-13','22:04:32'),(8755,'cabrerajorge','Solicitud','(cabrerajorge), Ingresó al Módulo de Solicitud','2025-07-13','22:04:43'),(8756,'cabrerajorge','Servicio','(cabrerajorge), Ingresó al Módulo de Servicios Técnicos','2025-07-13','22:06:28'),(8757,'cabrerajorge','Solicitud','(cabrerajorge), Ingresó al Módulo de Solicitud','2025-07-13','22:06:54'),(8758,'cabrerajorge','Dashboard','(cabrerajorge), Ingresó al Módulo de Dashboard','2025-07-13','22:10:28'),(8759,'cabrerajorge','Servicio','(cabrerajorge), Ingresó al Módulo de Servicios Técnicos','2025-07-13','22:10:37'),(8760,'cabrerajorge','Servicio','(cabrerajorge), Consultó la hoja de servicio #60','2025-07-13','22:10:42'),(8761,'cabrerajorge','Solicitud','(cabrerajorge), Ingresó al Módulo de Solicitud','2025-07-13','22:14:33'),(8762,'cabrerajorge','Solicitud','(cabrerajorge), Ingresó al Módulo de Solicitud','2025-07-13','22:15:11'),(8763,'cabrerajorge','Solicitud','(cabrerajorge), Ingresó al Módulo de Solicitud','2025-07-13','22:15:14'),(8764,'cabrerajorge','Solicitud','(cabrerajorge), Ingresó al Módulo de Solicitud','2025-07-13','22:15:16'),(8765,'cabrerajorge','Solicitud','(cabrerajorge), Ingresó al Módulo de Solicitud','2025-07-13','22:16:27'),(8766,'cabrerajorge','Solicitud','(cabrerajorge), Ingresó al Módulo de Solicitud','2025-07-13','22:17:11'),(8767,'cabrerajorge','Solicitud','(cabrerajorge), Ingresó al Módulo de Solicitud','2025-07-13','22:19:04'),(8768,'cabrerajorge','Dashboard','(cabrerajorge), Ingresó al Módulo de Dashboard','2025-07-13','22:24:09'),(8769,'cabrerajorge','Dashboard','(cabrerajorge), Ingresó al Módulo de Dashboard','2025-07-13','22:25:16'),(8770,'cabrerajorge','Servicio','(cabrerajorge), Ingresó al Módulo de Servicios Técnicos','2025-07-13','22:25:19'),(8771,'cabrerajorge','Solicitud','(cabrerajorge), Ingresó al Módulo de Solicitud','2025-07-13','22:25:21'),(8772,'cabrerajorge','Bien','(cabrerajorge), Ingresó al Módulo de Bienes','2025-07-13','22:25:25'),(8773,'cabrerajorge','Equipo','(cabrerajorge), Ingresó al Módulo de Equipos','2025-07-13','22:25:27'),(8774,'cabrerajorge','Material','(cabrerajorge), Ingresó al Módulo de Materiales','2025-07-13','22:25:29'),(8775,'cabrerajorge','Dashboard','(cabrerajorge), Ingresó al Módulo de Dashboard','2025-07-13','22:27:06'),(8776,'cabrerajorge','Solicitudes','(cabrerajorge), Ingresó al módulo de Solicitudes, lugar: Mis servicios','2025-07-13','22:27:08'),(8777,'cabrerajorge','Dashboard','(cabrerajorge), Ingresó al Módulo de Dashboard','2025-07-13','22:27:10'),(8778,'cabrerajorge','Switch','(cabrerajorge), Ingresó al Módulo de Switch','2025-07-13','22:27:13'),(8779,'cabrerajorge','Solicitud','(cabrerajorge), Ingresó al Módulo de Solicitud','2025-07-13','22:27:18'),(8780,'cabrerajorge','Switch','(cabrerajorge), Ingresó al Módulo de Switch','2025-07-13','22:27:23'),(8781,'cabrerajorge','Switch','(cabrerajorge), Se registró un nuevo Switch','2025-07-13','22:27:37'),(8782,'cabrerajorge','Patch Panel','(cabrerajorge), Ingresó al Módulo de Patch Panel','2025-07-13','22:27:57'),(8783,'cabrerajorge','punto conexion','(cabrerajorge), Ingresó al Módulo de Punto de Conexión','2025-07-13','22:28:11'),(8784,'cabrerajorge','Dashboard','(cabrerajorge), Ingresó al Módulo de Dashboard','2025-07-13','22:28:21'),(8785,'cabrerajorge','Dashboard','(cabrerajorge), Ingresó al Módulo de Dashboard','2025-07-13','22:28:23'),(8786,'cabrerajorge','Dashboard','(cabrerajorge), Ingresó al Módulo de Dashboard','2025-07-13','22:28:23'),(8787,'cabrerajorge','Servicio','(cabrerajorge), Ingresó al Módulo de Servicios Técnicos','2025-07-13','22:28:40'),(8788,'cabrerajorge','Solicitud','(cabrerajorge), Ingresó al Módulo de Solicitud','2025-07-13','22:28:42'),(8789,'cabrerajorge','Solicitudes','(cabrerajorge), Ingresó al módulo de Solicitudes, lugar: Mis servicios','2025-07-13','22:28:46'),(8790,'cabrerajorge','Servicio','(cabrerajorge), Ingresó al Módulo de Servicios Técnicos','2025-07-13','22:28:47'),(8791,'cabrerajorge','Solicitud','(cabrerajorge), Ingresó al Módulo de Solicitud','2025-07-13','22:28:51'),(8792,'cabrerajorge','Empleado','(cabrerajorge), Ingresó al Módulo de Empleado','2025-07-13','22:29:04'),(8793,'cabrerajorge','Técnico','(cabrerajorge), Ingresó al Módulo de Técnico','2025-07-13','22:29:12'),(8794,'cabrerajorge','Depedencia','(cabrerajorge), Ingresó al Módulo de Depedencia','2025-07-13','22:29:47'),(8795,'cabrerajorge','Ente','(cabrerajorge), Ingresó al Módulo de Ente','2025-07-13','22:29:52'),(8796,'cabrerajorge','TipoBien','(cabrerajorge), Ingresó al Módulo de Tipos de Bien','2025-07-13','22:30:00'),(8797,'cabrerajorge','Solicitudes','(cabrerajorge), Ingresó al módulo de Solicitudes, lugar: Mis servicios','2025-07-13','22:30:03'),(8798,'cabrerajorge','Bitácora','(cabrerajorge), Ingresó al módulo de Bitácora','2025-07-13','22:30:52'),(8799,'cabrerajorge','Servicio','(cabrerajorge), Ingresó al Módulo de Servicios Técnicos','2025-07-13','22:32:22'),(8800,'cabrerajorge','Servicio','(cabrerajorge), Consultó la hoja de servicio #60','2025-07-13','22:32:27'),(8801,'cabrerajorge','Bitácora','(cabrerajorge), Ingresó al módulo de Bitácora','2025-07-13','22:32:47'),(8802,'cabrerajorge','Equipo','(cabrerajorge), Ingresó al Módulo de Equipos','2025-07-13','22:33:00'),(8803,'cabrerajorge','Servicio','(cabrerajorge), Ingresó al Módulo de Servicios Técnicos','2025-07-13','22:34:00'),(8804,'cabrerajorge','Servicio','(cabrerajorge), Consultó la hoja de servicio #60','2025-07-13','22:34:03'),(8805,'cabrerajorge','Equipo','(cabrerajorge), Ingresó al Módulo de Equipos','2025-07-13','22:34:18'),(8806,'cabrerajorge','Bien','(cabrerajorge), Ingresó al Módulo de Bienes','2025-07-13','22:38:07'),(8807,'cabrerajorge','Solicitudes','(cabrerajorge), Ingresó al módulo de Solicitudes, lugar: Mis servicios','2025-07-13','22:39:32'),(8808,'cabrerajorge','interconexion','(cabrerajorge), Ingresó al Módulo de Interconexión','2025-07-13','22:39:35'),(8809,'cabrerajorge','punto conexion','(cabrerajorge), Ingresó al Módulo de Punto de Conexión','2025-07-13','22:39:37'),(8810,'cabrerajorge','Oficina','(cabrerajorge), Ingresó al Módulo de Oficina','2025-07-13','22:39:39'),(8811,'cabrerajorge','Marca','(cabrerajorge), Ingresó al Módulo de Marca','2025-07-13','22:39:42'),(8812,'cabrerajorge','Ente','(cabrerajorge), Ingresó al Módulo de Ente','2025-07-13','22:39:45'),(8813,'cabrerajorge','Dashboard','(cabrerajorge), Ingresó al Módulo de Dashboard','2025-07-13','22:39:53'),(8814,'cabrerajorge','Dashboard','(cabrerajorge), Ingresó al Módulo de Dashboard','2025-07-13','22:40:04'),(8815,'cabrerajorge','Material','(cabrerajorge), Ingresó al Módulo de Materiales','2025-07-13','22:40:24'),(8816,'cabrerajorge','Material','(cabrerajorge), Ingresó al Módulo de Materiales','2025-07-13','22:40:49'),(8817,'cabrerajorge','Dashboard','(cabrerajorge), Ingresó al Módulo de Dashboard','2025-07-13','22:40:51'),(8818,'cabrerajorge','Login/Usuario','(cabrerajorge), Inició sesión, ingresa al home','2025-07-16','10:48:36'),(8819,'cabrerajorge','Dashboard','(cabrerajorge), Ingresó al Módulo de Dashboard','2025-07-16','10:48:41'),(8820,'cabrerajorge','Dashboard','(cabrerajorge), Ingresó al Módulo de Dashboard','2025-07-16','10:48:45'),(8821,'cabrerajorge','Solicitudes','(cabrerajorge), Ingresó al módulo de Solicitudes, lugar: Mis servicios','2025-07-16','10:48:54'),(8822,'cabrerajorge','Login/Usuario','(cabrerajorge), Inició sesión, ingresa al home','2025-07-17','18:45:02'),(8823,'cabrerajorge','Dashboard','(cabrerajorge), Ingresó al Módulo de Dashboard','2025-07-17','18:45:09'),(8824,'cabrerajorge','Login/Usuario','(cabrerajorge), Inició sesión, ingresa al home','2025-07-18','13:47:28'),(8825,'cabrerajorge','Dashboard','(cabrerajorge), Ingresó al Módulo de Dashboard','2025-07-18','13:47:30'),(8826,'cabrerajorge','Dashboard','(cabrerajorge), Ingresó al Módulo de Dashboard','2025-07-18','13:50:00'),(8827,'cabrerajorge','Dashboard','(cabrerajorge), Ingresó al Módulo de Dashboard','2025-07-18','13:51:22'),(8828,'cabrerajorge','Dashboard','(cabrerajorge), Ingresó al Módulo de Dashboard','2025-07-18','13:54:50'),(8829,'cabrerajorge','Servicio','(cabrerajorge), Ingresó al Módulo de Servicios Técnicos','2025-07-18','13:55:07'),(8830,'cabrerajorge','Solicitudes','(cabrerajorge), Ingresó al módulo de Solicitudes, lugar: Mis servicios','2025-07-18','13:57:07'),(8831,'cabrerajorge','Solicitud','(cabrerajorge), Ingresó al Módulo de Solicitud','2025-07-18','13:58:52'),(8832,'cabrerajorge','Solicitudes','(cabrerajorge), Ingresó al módulo de Solicitudes, lugar: Mis servicios','2025-07-18','13:59:03'),(8833,'cabrerajorge','Solicitud','(cabrerajorge), Realizó una solicitud exitosamente','2025-07-18','13:59:10'),(8834,'cabrerajorge','Solicitud','(cabrerajorge), Ingresó al Módulo de Solicitud','2025-07-18','14:14:58'),(8835,'cabrerajorge','Backup','(cabrerajorge), Se eliminó un backup','2025-07-18','14:15:35'),(8836,'cabrerajorge','Backup','(cabrerajorge), Se eliminó un backup','2025-07-18','14:15:37'),(8837,'cabrerajorge','Backup','(cabrerajorge), Se generó un nuevo backup','2025-07-18','14:15:46'),(8838,'cabrerajorge','Solicitudes','(cabrerajorge), Ingresó al módulo de Solicitudes, lugar: Mis servicios','2025-07-18','14:23:43'),(8839,'cabrerajorge','Solicitudes','(cabrerajorge), Ingresó al módulo de Solicitudes, lugar: Mis servicios','2025-07-18','14:43:14'),(8840,'cabrerajorge','Solicitudes','(cabrerajorge), Ingresó al módulo de Solicitudes, lugar: Mis servicios','2025-07-18','14:43:53'),(8841,'cabrerajorge','Servicio','(cabrerajorge), Ingresó al Módulo de Servicios Técnicos','2025-07-18','14:43:59'),(8842,'cabrerajorge','Solicitudes','(cabrerajorge), Ingresó al módulo de Solicitudes, lugar: Mis servicios','2025-07-18','14:44:02'),(8843,'cabrerajorge','Solicitud','(cabrerajorge), Ingresó al Módulo de Solicitud','2025-07-18','14:44:07'),(8844,'cabrerajorge','Solicitudes','(cabrerajorge), Ingresó al módulo de Solicitudes, lugar: Mis servicios','2025-07-18','14:44:13'),(8845,'cabrerajorge','Solicitudes','(cabrerajorge), Ingresó al módulo de Solicitudes, lugar: Mis servicios','2025-07-18','14:46:54'),(8846,'cabrerajorge','Solicitud','(cabrerajorge), Ingresó al Módulo de Solicitud','2025-07-18','14:46:56'),(8847,'cabrerajorge','Servicio','(cabrerajorge), Ingresó al Módulo de Servicios Técnicos','2025-07-18','14:47:01'),(8848,'cabrerajorge','Solicitudes','(cabrerajorge), Ingresó al módulo de Solicitudes, lugar: Mis servicios','2025-07-18','14:47:03'),(8849,'cabrerajorge','Login/Usuario','(cabrerajorge), Inició sesión, ingresa al home','2025-07-19','18:08:25'),(8850,'cabrerajorge','Dashboard','(cabrerajorge), Ingresó al Módulo de Dashboard','2025-07-19','18:08:29'),(8851,'cabrerajorge','Dashboard','(cabrerajorge), Ingresó al Módulo de Dashboard','2025-07-19','18:08:33'),(8852,'cabrerajorge','Dashboard','(cabrerajorge), Ingresó al Módulo de Dashboard','2025-07-19','18:08:37'),(8853,'cabrerajorge','Dashboard','(cabrerajorge), Ingresó al Módulo de Dashboard','2025-07-19','18:08:46'),(8854,'cabrerajorge','Solicitudes','(cabrerajorge), Ingresó al módulo de Solicitudes, lugar: Mis servicios','2025-07-19','18:12:36'),(8855,'cabrerajorge','Solicitudes','(cabrerajorge), Ingresó al módulo de Solicitudes, lugar: Mis servicios','2025-07-19','19:32:06'),(8856,'cabrerajorge','Dashboard','(cabrerajorge), Ingresó al Módulo de Dashboard','2025-07-19','19:32:21'),(8857,'cabrerajorge','Dashboard','(cabrerajorge), Ingresó al Módulo de Dashboard','2025-07-19','19:32:22'),(8858,'cabrerajorge','Solicitudes','(cabrerajorge), Ingresó al módulo de Solicitudes, lugar: Mis servicios','2025-07-19','19:32:25'),(8859,'cabrerajorge','Login/Usuario','(cabrerajorge), Inició sesión, ingresa al home','2025-07-20','17:22:46'),(8860,'cabrerajorge','Dashboard','(cabrerajorge), Ingresó al Módulo de Dashboard','2025-07-20','17:22:47'),(8861,'cabrerajorge','Solicitudes','(cabrerajorge), Ingresó al módulo de Solicitudes, lugar: Mis servicios','2025-07-20','17:22:49'),(8862,'cabrerajorge','Solicitud','(cabrerajorge), Ingresó al Módulo de Solicitud','2025-07-20','17:22:52'),(8863,'cabrerajorge','Solicitudes','(cabrerajorge), Ingresó al módulo de Solicitudes, lugar: Mis servicios','2025-07-20','17:23:07'),(8864,'cabrerajorge','Solicitudes','(cabrerajorge), Ingresó al módulo de Solicitudes, lugar: Mis servicios','2025-07-20','18:08:56'),(8865,'cabrerajorge','Solicitudes','(cabrerajorge), Ingresó al módulo de Solicitudes, lugar: Mis servicios','2025-07-20','18:09:23'),(8866,'cabrerajorge','Solicitud','(cabrerajorge), Ingresó al Módulo de Solicitud','2025-07-20','18:09:30'),(8867,'cabrerajorge','Solicitud','(cabrerajorge), Ingresó al Módulo de Solicitud','2025-07-20','18:09:51'),(8868,'cabrerajorge','Solicitudes','(cabrerajorge), Ingresó al módulo de Solicitudes, lugar: Mis servicios','2025-07-20','18:10:02'),(8869,'cabrerajorge','Solicitud','','2025-07-20','18:10:08'),(8870,'cabrerajorge','Solicitudes','(cabrerajorge), Ingresó al módulo de Solicitudes, lugar: Mis servicios','2025-07-20','18:13:12'),(8871,'cabrerajorge','Solicitud','','2025-07-20','18:13:17'),(8872,'cabrerajorge','Solicitudes','(cabrerajorge), Ingresó al módulo de Solicitudes, lugar: Mis servicios','2025-07-20','18:13:32'),(8873,'cabrerajorge','Solicitudes','(cabrerajorge), Ingresó al módulo de Solicitudes, lugar: Mis servicios','2025-07-20','18:15:00'),(8874,'cabrerajorge','Solicitud','','2025-07-20','18:15:05'),(8875,'cabrerajorge','Solicitudes','(cabrerajorge), Ingresó al módulo de Solicitudes, lugar: Mis servicios','2025-07-20','18:16:38'),(8876,'cabrerajorge','Solicitud','','2025-07-20','18:16:44'),(8877,'cabrerajorge','Solicitudes','(cabrerajorge), Ingresó al módulo de Solicitudes, lugar: Mis servicios','2025-07-20','18:20:38'),(8878,'cabrerajorge','Solicitud','','2025-07-20','18:20:44'),(8879,'cabrerajorge','Solicitudes','(cabrerajorge), Ingresó al módulo de Solicitudes, lugar: Mis servicios','2025-07-20','18:20:51'),(8880,'cabrerajorge','Solicitudes','(cabrerajorge), Ingresó al módulo de Solicitudes, lugar: Mis servicios','2025-07-20','18:20:52'),(8881,'cabrerajorge','Solicitud','','2025-07-20','18:20:58'),(8882,'cabrerajorge','Solicitudes','(cabrerajorge), Ingresó al módulo de Solicitudes, lugar: Mis servicios','2025-07-20','18:23:23'),(8883,'cabrerajorge','Solicitud','','2025-07-20','18:23:27'),(8884,'cabrerajorge','Solicitudes','(cabrerajorge), Ingresó al módulo de Solicitudes, lugar: Mis servicios','2025-07-20','18:26:21'),(8885,'cabrerajorge','Solicitudes','(cabrerajorge), Ingresó al módulo de Solicitudes, lugar: Mis servicios','2025-07-20','18:26:28'),(8886,'cabrerajorge','Solicitudes','(cabrerajorge), Ingresó al módulo de Solicitudes, lugar: Mis servicios','2025-07-20','18:26:40'),(8887,'cabrerajorge','Solicitudes','(cabrerajorge), Ingresó al módulo de Solicitudes, lugar: Mis servicios','2025-07-20','18:27:05'),(8888,'cabrerajorge','Solicitudes','(cabrerajorge), Ingresó al módulo de Solicitudes, lugar: Mis servicios','2025-07-20','18:30:43'),(8889,'cabrerajorge','Solicitud','(cabrerajorge), Realizó una solicitud exitosamente','2025-07-20','18:30:53'),(8890,'cabrerajorge','Solicitudes','(cabrerajorge), Ingresó al módulo de Solicitudes, lugar: Mis servicios','2025-07-20','18:30:54'),(8891,'cabrerajorge','Solicitud','(cabrerajorge), Ingresó al Módulo de Solicitud','2025-07-20','18:31:00'),(8892,'cabrerajorge','Servicio','(cabrerajorge), Ingresó al Módulo de Servicios Técnicos','2025-07-20','18:31:02'),(8893,'cabrerajorge','Solicitudes','(cabrerajorge), Ingresó al módulo de Solicitudes, lugar: Mis servicios','2025-07-20','18:31:10'),(8894,'cabrerajorge','Solicitudes','(cabrerajorge), Ingresó al módulo de Solicitudes, lugar: Mis servicios','2025-07-20','18:35:59'),(8895,'cabrerajorge','Solicitud','(cabrerajorge), Realizó una solicitud exitosamente','2025-07-20','18:36:03'),(8896,'cabrerajorge','Solicitudes','(cabrerajorge), Ingresó al módulo de Solicitudes, lugar: Mis servicios','2025-07-20','18:36:06'),(8897,'cabrerajorge','Bien','(cabrerajorge), Ingresó al Módulo de Bienes','2025-07-20','18:36:17'),(8898,'cabrerajorge','Bien','(cabrerajorge), Ingresó al Módulo de Bienes','2025-07-20','18:36:21'),(8899,'cabrerajorge','Técnico','(cabrerajorge), Ingresó al Módulo de Técnico','2025-07-20','18:38:27'),(8900,'cabrerajorge','Tipo de Servicio','(cabrerajorge), Ingresó al Módulo de Tipo de Servicio','2025-07-20','18:39:04'),(8901,'cabrerajorge','Servicio','(cabrerajorge), Ingresó al Módulo de Servicios Técnicos','2025-07-20','18:39:22'),(8902,'cabrerajorge','Bien','(cabrerajorge), Ingresó al Módulo de Bienes','2025-07-20','18:39:26'),(8903,'cabrerajorge','Dashboard','(cabrerajorge), Ingresó al Módulo de Dashboard','2025-07-20','18:40:13'),(8904,'cabrerajorge','Solicitudes','(cabrerajorge), Ingresó al módulo de Solicitudes, lugar: Mis servicios','2025-07-20','18:40:13'),(8905,'cabrerajorge','Solicitudes','(cabrerajorge), Ingresó al módulo de Solicitudes, lugar: Mis servicios','2025-07-20','18:40:48'),(8906,'cabrerajorge','Solicitudes','(cabrerajorge), Ingresó al módulo de Solicitudes, lugar: Mis servicios','2025-07-20','18:40:50'),(8907,'cabrerajorge','Solicitud','(cabrerajorge), Realizó una solicitud exitosamente','2025-07-20','18:40:56'),(8908,'cabrerajorge','Solicitudes','(cabrerajorge), Ingresó al módulo de Solicitudes, lugar: Mis servicios','2025-07-20','18:40:58'),(8909,'cabrerajorge','Servicio','(cabrerajorge), Ingresó al Módulo de Servicios Técnicos','2025-07-20','18:41:04'),(8910,'cabrerajorge','Solicitudes','(cabrerajorge), Ingresó al módulo de Solicitudes, lugar: Mis servicios','2025-07-20','18:41:25'),(8911,'cabrerajorge','Bien','(cabrerajorge), Ingresó al Módulo de Bienes','2025-07-20','18:41:29'),(8912,'cabrerajorge','Bien','(cabrerajorge), Ingresó al Módulo de Bienes','2025-07-21','13:07:29'),(8913,'cabrerajorge','Bien','(cabrerajorge), Ingresó al Módulo de Bienes','2025-07-21','13:20:57'),(8914,'cabrerajorge','Bien','(cabrerajorge), Ingresó al Módulo de Bienes','2025-07-21','13:24:04'),(8915,'cabrerajorge','Bien','(cabrerajorge), Ingresó al Módulo de Bienes','2025-07-21','13:29:47'),(8916,'cabrerajorge','Bien','(cabrerajorge), Ingresó al Módulo de Bienes','2025-07-21','13:37:22'),(8917,'cabrerajorge','Bien','(cabrerajorge), Ingresó al Módulo de Bienes','2025-07-21','13:38:32'),(8918,'cabrerajorge','Bien','(cabrerajorge), Ingresó al Módulo de Bienes','2025-07-21','13:38:43'),(8919,'cabrerajorge','Bien','(cabrerajorge), Ingresó al Módulo de Bienes','2025-07-21','13:39:25'),(8920,'cabrerajorge','Bien','(cabrerajorge), Ingresó al Módulo de Bienes','2025-07-21','13:40:19'),(8921,'cabrerajorge','Bien','(cabrerajorge), Ingresó al Módulo de Bienes','2025-07-21','13:40:33'),(8922,'cabrerajorge','Bien','(cabrerajorge), Ingresó al Módulo de Bienes','2025-07-21','13:41:47'),(8923,'cabrerajorge','Bien','(cabrerajorge), Ingresó al Módulo de Bienes','2025-07-21','13:42:37'),(8924,'cabrerajorge','Bien','(cabrerajorge), Ingresó al Módulo de Bienes','2025-07-21','13:43:26'),(8925,'cabrerajorge','Bien','(cabrerajorge), Ingresó al Módulo de Bienes','2025-07-21','13:44:26'),(8926,'cabrerajorge','Equipo','(cabrerajorge), Ingresó al Módulo de Equipos','2025-07-21','13:45:00'),(8927,'cabrerajorge','Solicitudes','(cabrerajorge), Ingresó al módulo de Solicitudes, lugar: Mis servicios','2025-07-21','13:45:05'),(8928,'cabrerajorge','Solicitud','(cabrerajorge), Ingresó al Módulo de Solicitud','2025-07-21','13:45:15'),(8929,'cabrerajorge','Solicitudes','(cabrerajorge), Ingresó al módulo de Solicitudes, lugar: Mis servicios','2025-07-21','13:45:26'),(8930,'cabrerajorge','Solicitud','(cabrerajorge), Realizó una solicitud exitosamente','2025-07-21','13:45:32'),(8931,'cabrerajorge','Solicitudes','(cabrerajorge), Ingresó al módulo de Solicitudes, lugar: Mis servicios','2025-07-21','13:45:35'),(8932,'cabrerajorge','Servicio','(cabrerajorge), Ingresó al Módulo de Servicios Técnicos','2025-07-21','13:45:49'),(8933,'cabrerajorge','Solicitudes','(cabrerajorge), Ingresó al módulo de Solicitudes, lugar: Mis servicios','2025-07-21','13:47:37'),(8934,'cabrerajorge','Solicitud','(cabrerajorge), Realizó una solicitud exitosamente','2025-07-21','13:47:47'),(8935,'cabrerajorge','Servicio','(cabrerajorge), Ingresó al Módulo de Servicios Técnicos','2025-07-21','13:47:51'),(8936,'cabrerajorge','Servicio','(cabrerajorge), Consultó la hoja de servicio #64','2025-07-21','13:48:04'),(8937,'cabrerajorge','Servicio','(cabrerajorge), Consultó la hoja de servicio #64','2025-07-21','13:48:04'),(8938,'cabrerajorge','Servicio','(cabrerajorge), Redireccionó la hoja de servicio #64','2025-07-21','13:48:35'),(8939,'cabrerajorge','Dashboard','(cabrerajorge), Ingresó al Módulo de Dashboard','2025-07-21','13:48:48'),(8940,'cabrerajorge','Solicitudes','(cabrerajorge), Ingresó al módulo de Solicitudes, lugar: Mis servicios','2025-07-21','13:51:00'),(8941,'cabrerajorge','Solicitudes','(cabrerajorge), Ingresó al módulo de Solicitudes, lugar: Mis servicios','2025-07-21','13:51:37'),(8942,'cabrerajorge','Solicitud','(cabrerajorge), Realizó una solicitud exitosamente','2025-07-21','13:51:46'),(8943,'cabrerajorge','Servicio','(cabrerajorge), Ingresó al Módulo de Servicios Técnicos','2025-07-21','13:52:11'),(8944,'cabrerajorge','Dashboard','(cabrerajorge), Ingresó al Módulo de Dashboard','2025-07-21','13:52:41'),(8945,'cabrerajorge','Servicio','(cabrerajorge), Ingresó al Módulo de Servicios Técnicos','2025-07-21','13:59:39'),(8946,'cabrerajorge','Solicitudes','(cabrerajorge), Ingresó al módulo de Solicitudes, lugar: Mis servicios','2025-07-21','14:07:10'),(8947,'cabrerajorge','Dashboard','(cabrerajorge), Ingresó al Módulo de Dashboard','2025-07-21','14:07:13'),(8948,'cabrerajorge','Login/Usuario','(cabrerajorge), Inició sesión, ingresa al home','2025-07-23','08:16:22'),(8949,'cabrerajorge','Dashboard','(cabrerajorge), Ingresó al Módulo de Dashboard','2025-07-23','08:16:24'),(8950,'cabrerajorge','Servicio','(cabrerajorge), Ingresó al Módulo de Servicios Técnicos','2025-07-23','08:17:33'),(8951,'cabrerajorge','Dashboard','(cabrerajorge), Ingresó al Módulo de Dashboard','2025-07-23','08:18:16'),(8952,'cabrerajorge','Dashboard','(cabrerajorge), Ingresó al Módulo de Dashboard','2025-07-23','08:20:16'),(8953,'cabrerajorge','Dashboard','(cabrerajorge), Ingresó al Módulo de Dashboard','2025-07-23','08:24:10'),(8954,'cabrerajorge','Dashboard','(cabrerajorge), Ingresó al Módulo de Dashboard','2025-07-23','08:24:36'),(8955,'cabrerajorge','Servicio','(cabrerajorge), Ingresó al Módulo de Servicios Técnicos','2025-07-23','08:28:44'),(8956,'cabrerajorge','Dashboard','(cabrerajorge), Ingresó al Módulo de Dashboard','2025-07-23','08:28:46'),(8957,'cabrerajorge','Dashboard','(cabrerajorge), Ingresó al Módulo de Dashboard','2025-07-23','08:30:02'),(8958,'cabrerajorge','Dashboard','(cabrerajorge), Ingresó al Módulo de Dashboard','2025-07-23','08:32:20'),(8959,'cabrerajorge','Dashboard','(cabrerajorge), Ingresó al Módulo de Dashboard','2025-07-23','08:32:37'),(8960,'cabrerajorge','Dashboard','(cabrerajorge), Ingresó al Módulo de Dashboard','2025-07-23','08:33:55'),(8961,'cabrerajorge','Dashboard','(cabrerajorge), Ingresó al Módulo de Dashboard','2025-07-23','08:36:46'),(8962,'cabrerajorge','Dashboard','(cabrerajorge), Ingresó al Módulo de Dashboard','2025-07-23','08:36:50'),(8963,'cabrerajorge','Dashboard','(cabrerajorge), Ingresó al Módulo de Dashboard','2025-07-23','08:38:54'),(8964,'cabrerajorge','Dashboard','(cabrerajorge), Ingresó al Módulo de Dashboard','2025-07-23','08:39:21'),(8965,'cabrerajorge','Dashboard','(cabrerajorge), Ingresó al Módulo de Dashboard','2025-07-23','08:39:25'),(8966,'cabrerajorge','Dashboard','(cabrerajorge), Ingresó al Módulo de Dashboard','2025-07-23','08:44:12'),(8967,'cabrerajorge','Dashboard','(cabrerajorge), Ingresó al Módulo de Dashboard','2025-07-23','08:44:15'),(8968,'cabrerajorge','Dashboard','(cabrerajorge), Ingresó al Módulo de Dashboard','2025-07-23','08:44:47'),(8969,'cabrerajorge','Dashboard','(cabrerajorge), Ingresó al Módulo de Dashboard','2025-07-23','08:44:53'),(8970,'cabrerajorge','Dashboard','(cabrerajorge), Ingresó al Módulo de Dashboard','2025-07-23','08:47:11'),(8971,'cabrerajorge','Dashboard','(cabrerajorge), Ingresó al Módulo de Dashboard','2025-07-23','08:47:58'),(8972,'cabrerajorge','Dashboard','(cabrerajorge), Ingresó al Módulo de Dashboard','2025-07-23','08:50:28'),(8973,'cabrerajorge','Dashboard','(cabrerajorge), Ingresó al Módulo de Dashboard','2025-07-23','08:50:32'),(8974,'cabrerajorge','Dashboard','(cabrerajorge), Ingresó al Módulo de Dashboard','2025-07-23','08:53:53'),(8975,'cabrerajorge','Dashboard','(cabrerajorge), Ingresó al Módulo de Dashboard','2025-07-23','08:55:59'),(8976,'cabrerajorge','Dashboard','(cabrerajorge), Ingresó al Módulo de Dashboard','2025-07-23','08:59:55'),(8977,'cabrerajorge','Dashboard','(cabrerajorge), Ingresó al Módulo de Dashboard','2025-07-23','09:00:45'),(8978,'cabrerajorge','Dashboard','(cabrerajorge), Ingresó al Módulo de Dashboard','2025-07-23','09:00:55'),(8979,'cabrerajorge','Notificaciones','(cabrerajorge), Ingresó al módulo de Notificaciones','2025-07-23','09:03:13'),(8980,'cabrerajorge','Solicitud','(cabrerajorge), Ingresó al Módulo de Solicitud','2025-07-23','09:03:17'),(8981,'cabrerajorge','Solicitudes','(cabrerajorge), Ingresó al módulo de Solicitudes, lugar: Mis servicios','2025-07-23','09:03:21'),(8982,'cabrerajorge','Dashboard','(cabrerajorge), Ingresó al Módulo de Dashboard','2025-07-23','09:03:23'),(8983,'cabrerajorge','Dashboard','(cabrerajorge), Ingresó al Módulo de Dashboard','2025-07-23','09:06:14'),(8984,'cabrerajorge','Dashboard','(cabrerajorge), Ingresó al Módulo de Dashboard','2025-07-23','09:07:38'),(8985,'cabrerajorge','Dashboard','(cabrerajorge), Ingresó al Módulo de Dashboard','2025-07-23','09:07:52'),(8986,'cabrerajorge','Dashboard','(cabrerajorge), Ingresó al Módulo de Dashboard','2025-07-23','09:07:59'),(8987,'cabrerajorge','Dashboard','(cabrerajorge), Ingresó al Módulo de Dashboard','2025-07-23','09:08:01'),(8988,'cabrerajorge','Dashboard','(cabrerajorge), Ingresó al Módulo de Dashboard','2025-07-23','09:08:03'),(8989,'cabrerajorge','Dashboard','(cabrerajorge), Ingresó al Módulo de Dashboard','2025-07-23','09:09:30'),(8990,'cabrerajorge','Dashboard','(cabrerajorge), Ingresó al Módulo de Dashboard','2025-07-23','09:09:31'),(8991,'cabrerajorge','Dashboard','(cabrerajorge), Ingresó al Módulo de Dashboard','2025-07-23','09:09:37'),(8992,'cabrerajorge','Dashboard','(cabrerajorge), Ingresó al Módulo de Dashboard','2025-07-23','09:10:01'),(8993,'cabrerajorge','Dashboard','(cabrerajorge), Ingresó al Módulo de Dashboard','2025-07-23','09:10:37'),(8994,'cabrerajorge','Dashboard','(cabrerajorge), Ingresó al Módulo de Dashboard','2025-07-23','09:11:27'),(8995,'cabrerajorge','Dashboard','(cabrerajorge), Ingresó al Módulo de Dashboard','2025-07-23','09:23:54'),(8996,'cabrerajorge','Dashboard','(cabrerajorge), Ingresó al Módulo de Dashboard','2025-07-23','09:38:43'),(8997,'cabrerajorge','Dashboard','(cabrerajorge), Ingresó al Módulo de Dashboard','2025-07-23','09:39:24'),(8998,'cabrerajorge','Dashboard','(cabrerajorge), Ingresó al Módulo de Dashboard','2025-07-23','09:41:03'),(8999,'cabrerajorge','Dashboard','(cabrerajorge), Ingresó al Módulo de Dashboard','2025-07-23','09:41:48'),(9000,'cabrerajorge','Servicio','(cabrerajorge), Ingresó al Módulo de Servicios Técnicos','2025-07-23','09:41:51'),(9001,'cabrerajorge','Dashboard','(cabrerajorge), Ingresó al Módulo de Dashboard','2025-07-23','09:41:55'),(9002,'cabrerajorge','Solicitudes','(cabrerajorge), Ingresó al módulo de Solicitudes, lugar: Mis servicios','2025-07-23','10:25:10'),(9003,'cabrerajorge','Servicio','(cabrerajorge), Ingresó al Módulo de Servicios Técnicos','2025-07-23','10:38:32'),(9004,'cabrerajorge','Solicitudes','(cabrerajorge), Ingresó al módulo de Solicitudes, lugar: Mis servicios','2025-07-23','10:38:41'),(9005,'cabrerajorge','Solicitud','(cabrerajorge), Realizó una solicitud exitosamente','2025-07-23','10:39:03'),(9006,'cabrerajorge','Servicio','(cabrerajorge), Ingresó al Módulo de Servicios Técnicos','2025-07-23','10:39:14'),(9007,'cabrerajorge','Solicitudes','(cabrerajorge), Ingresó al módulo de Solicitudes, lugar: Mis servicios','2025-07-23','10:39:32'),(9008,'cabrerajorge','Servicio','(cabrerajorge), Ingresó al Módulo de Servicios Técnicos','2025-07-23','10:39:38'),(9009,'cabrerajorge','Solicitud','(cabrerajorge), Ingresó al Módulo de Solicitud','2025-07-23','10:39:39'),(9010,'cabrerajorge','Solicitudes','(cabrerajorge), Ingresó al módulo de Solicitudes, lugar: Mis servicios','2025-07-23','10:40:01'),(9011,'cabrerajorge','Solicitud','(cabrerajorge), Realizó una solicitud exitosamente','2025-07-23','10:40:32'),(9012,'cabrerajorge','Solicitud','(cabrerajorge), Ingresó al Módulo de Solicitud','2025-07-23','10:40:37'),(9013,'cabrerajorge','Servicio','(cabrerajorge), Ingresó al Módulo de Servicios Técnicos','2025-07-23','10:40:41'),(9014,'cabrerajorge','Solicitud','(cabrerajorge), Ingresó al Módulo de Solicitud','2025-07-23','10:40:49'),(9015,'cabrerajorge','Servicio','(cabrerajorge), Ingresó al Módulo de Servicios Técnicos','2025-07-23','10:41:13'),(9016,'cabrerajorge','Solicitudes','(cabrerajorge), Ingresó al módulo de Solicitudes, lugar: Mis servicios','2025-07-23','10:42:12'),(9017,'cabrerajorge','Dashboard','(cabrerajorge), Ingresó al Módulo de Dashboard','2025-07-23','10:42:15'),(9018,'cabrerajorge','Dashboard','(cabrerajorge), Ingresó al Módulo de Dashboard','2025-07-23','10:53:46'),(9019,'cabrerajorge','Solicitudes','(cabrerajorge), Ingresó al módulo de Solicitudes, lugar: Mis servicios','2025-07-23','10:53:47'),(9020,'cabrerajorge','Solicitud','(cabrerajorge), Realizó una solicitud exitosamente','2025-07-23','10:53:54'),(9021,'cabrerajorge','Solicitudes','(cabrerajorge), Ingresó al módulo de Solicitudes, lugar: Mis servicios','2025-07-23','10:53:57'),(9022,'cabrerajorge','Solicitud','(cabrerajorge), Ingresó al Módulo de Solicitud','2025-07-23','10:54:00'),(9023,'cabrerajorge','Solicitudes','(cabrerajorge), Ingresó al módulo de Solicitudes, lugar: Mis servicios','2025-07-23','10:54:11'),(9024,'cabrerajorge','Solicitudes','(cabrerajorge), Ingresó al módulo de Solicitudes, lugar: Mis servicios','2025-07-23','10:56:57'),(9025,'cabrerajorge','Solicitud','(cabrerajorge), Realizó una solicitud exitosamente','2025-07-23','10:57:59'),(9026,'cabrerajorge','Solicitud','(cabrerajorge), Realizó una solicitud exitosamente','2025-07-23','10:59:28'),(9027,'cabrerajorge','Servicio','(cabrerajorge), Ingresó al Módulo de Servicios Técnicos','2025-07-23','10:59:32'),(9028,'cabrerajorge','Solicitudes','(cabrerajorge), Ingresó al módulo de Solicitudes, lugar: Mis servicios','2025-07-23','11:02:48'),(9029,'cabrerajorge','Dashboard','(cabrerajorge), Ingresó al Módulo de Dashboard','2025-07-23','11:03:40'),(9030,'cabrerajorge','Dashboard','(cabrerajorge), Ingresó al Módulo de Dashboard','2025-07-23','11:03:50'),(9031,'cabrerajorge','Dashboard','(cabrerajorge), Ingresó al Módulo de Dashboard','2025-07-23','11:03:55'),(9032,'cabrerajorge','Dashboard','(cabrerajorge), Ingresó al Módulo de Dashboard','2025-07-23','11:04:33'),(9033,'cabrerajorge','Servicio','(cabrerajorge), Ingresó al Módulo de Servicios Técnicos','2025-07-23','11:04:36'),(9034,'cabrerajorge','Dashboard','(cabrerajorge), Ingresó al Módulo de Dashboard','2025-07-23','11:04:38'),(9035,'cabrerajorge','Servicio','(cabrerajorge), Ingresó al Módulo de Servicios Técnicos','2025-07-23','11:09:47'),(9036,'cabrerajorge','Servicio','(cabrerajorge), Consultó la hoja de servicio #72','2025-07-23','11:09:59'),(9037,'cabrerajorge','Dashboard','(cabrerajorge), Ingresó al Módulo de Dashboard','2025-07-23','11:10:08'),(9038,'cabrerajorge','Dashboard','(cabrerajorge), Ingresó al Módulo de Dashboard','2025-07-23','11:10:10'),(9039,'cabrerajorge','Solicitudes','(cabrerajorge), Ingresó al módulo de Solicitudes, lugar: Mis servicios','2025-07-23','11:10:12'),(9040,'cabrerajorge','Servicio','(cabrerajorge), Ingresó al Módulo de Servicios Técnicos','2025-07-23','11:16:31'),(9041,'cabrerajorge','Solicitud','(cabrerajorge), Ingresó al Módulo de Solicitud','2025-07-23','11:16:33'),(9042,'cabrerajorge','Servicio','(cabrerajorge), Ingresó al Módulo de Servicios Técnicos','2025-07-23','11:17:02'),(9043,'cabrerajorge','Bien','(cabrerajorge), Ingresó al Módulo de Bienes','2025-07-23','11:18:52'),(9044,'cabrerajorge','Bien','(cabrerajorge), Ingresó al Módulo de Bienes','2025-07-23','11:21:43'),(9045,'cabrerajorge','Bien','(cabrerajorge), Ingresó al Módulo de Bienes','2025-07-23','11:22:53'),(9046,'cabrerajorge','Bien','(cabrerajorge), Ingresó al Módulo de Bienes','2025-07-23','11:23:01'),(9047,'cabrerajorge','Bien','(cabrerajorge), Ingresó al Módulo de Bienes','2025-07-23','11:23:29'),(9048,'cabrerajorge','Bien','(cabrerajorge), Ingresó al Módulo de Bienes','2025-07-23','11:24:05'),(9049,'cabrerajorge','Bien','(cabrerajorge), Ingresó al Módulo de Bienes','2025-07-23','11:24:33'),(9050,'cabrerajorge','Bien','(cabrerajorge), envió solicitud no válida','2025-07-23','11:26:10'),(9051,'cabrerajorge','Bien','(cabrerajorge), Ingresó al Módulo de Bienes','2025-07-23','11:27:04'),(9052,'cabrerajorge','Bien','(cabrerajorge), Ingresó al Módulo de Bienes','2025-07-23','11:28:39'),(9053,'cabrerajorge','Bien','(cabrerajorge), Se registró un nuevo bien','2025-07-23','11:29:17'),(9054,'cabrerajorge','Bien','(cabrerajorge), Ingresó al Módulo de Bienes','2025-07-23','11:31:05'),(9055,'cabrerajorge','Equipo','(cabrerajorge), Ingresó al Módulo de Equipos','2025-07-23','11:31:18'),(9056,'cabrerajorge','Solicitudes','(cabrerajorge), Ingresó al módulo de Solicitudes, lugar: Mis servicios','2025-07-23','11:31:30'),(9057,'cabrerajorge','Bien','(cabrerajorge), Ingresó al Módulo de Bienes','2025-07-23','11:32:06'),(9058,'cabrerajorge','Bien','(cabrerajorge), envió solicitud no válida','2025-07-23','11:36:06'),(9059,'cabrerajorge','Bien','(cabrerajorge), Se registró un nuevo bien','2025-07-23','11:36:14'),(9060,'cabrerajorge','Bien','(cabrerajorge), Ingresó al Módulo de Bienes','2025-07-23','12:12:44'),(9061,'cabrerajorge','Bien','(cabrerajorge), Se registró un nuevo bien','2025-07-23','12:13:51'),(9062,'cabrerajorge','Bien','(cabrerajorge), Ingresó al Módulo de Bienes','2025-07-23','12:16:39'),(9063,'cabrerajorge','Bien','(cabrerajorge), error al registrar un nuevo bien','2025-07-23','12:17:05'),(9064,'cabrerajorge','Bien','(cabrerajorge), Se registró un nuevo equipo asociado al bien 00092','2025-07-23','12:17:10'),(9065,'cabrerajorge','Bien','(cabrerajorge), Se registró un nuevo bien','2025-07-23','12:17:10'),(9066,'cabrerajorge','Dashboard','(cabrerajorge), Ingresó al Módulo de Dashboard','2025-07-23','13:05:31'),(9067,'cabrerajorge','Dashboard','(cabrerajorge), Ingresó al Módulo de Dashboard','2025-07-23','13:24:18'),(9068,'cabrerajorge','Solicitudes','(cabrerajorge), Ingresó al módulo de Solicitudes, lugar: Mis servicios','2025-07-23','13:24:34'),(9069,'cabrerajorge','Solicitud','(cabrerajorge), Realizó una solicitud exitosamente','2025-07-23','13:24:53'),(9070,'cabrerajorge','Servicio','(cabrerajorge), Ingresó al Módulo de Servicios Técnicos','2025-07-23','13:25:00'),(9071,'cabrerajorge','Servicio','(cabrerajorge), Consultó la hoja de servicio #73','2025-07-23','13:25:19'),(9072,'cabrerajorge','Servicio','(cabrerajorge), Consultó la hoja de servicio #73','2025-07-23','13:25:31'),(9073,'cabrerajorge','Servicio','(cabrerajorge), Consultó la hoja de servicio #73','2025-07-23','13:25:31'),(9074,'cabrerajorge','Tipo de Servicio','(cabrerajorge), Ingresó al Módulo de Tipo de Servicio','2025-07-23','13:26:18'),(9075,'cabrerajorge','Dashboard','(cabrerajorge), Ingresó al Módulo de Dashboard','2025-07-23','13:26:32'),(9076,'cabrerajorge','Servicio','(cabrerajorge), Ingresó al Módulo de Servicios Técnicos','2025-07-23','13:26:42'),(9077,'cabrerajorge','Servicio','(cabrerajorge), Ingresó al Módulo de Servicios Técnicos','2025-07-23','13:28:57'),(9078,'cabrerajorge','Servicio','(cabrerajorge), Consultó la hoja de servicio #73','2025-07-23','13:29:27'),(9079,'cabrerajorge','Equipo','(cabrerajorge), Ingresó al Módulo de Equipos','2025-07-23','13:32:33'),(9080,'cabrerajorge','Equipo','(cabrerajorge), error al eliminar un equipo','2025-07-23','13:34:28'),(9081,'cabrerajorge','Equipo','(cabrerajorge), Ingresó al Módulo de Equipos','2025-07-23','13:34:33'),(9082,'cabrerajorge','Material','(cabrerajorge), Ingresó al Módulo de Materiales','2025-07-23','13:36:29'),(9083,'cabrerajorge','Bitácora','(cabrerajorge), Ingresó al módulo de Bitácora','2025-07-23','13:37:18'),(9084,'cabrerajorge','Dashboard','(cabrerajorge), Ingresó al Módulo de Dashboard','2025-07-23','13:40:17'),(9085,'cabrerajorge','Servicio','(cabrerajorge), Ingresó al Módulo de Servicios Técnicos','2025-07-23','14:11:06'),(9086,'cabrerajorge','Servicio','(cabrerajorge), Ingresó al Módulo de Servicios Técnicos','2025-07-23','14:13:12'),(9087,'cabrerajorge','Bien','(cabrerajorge), Ingresó al Módulo de Bienes','2025-07-23','14:13:14'),(9088,'cabrerajorge','Bien','(cabrerajorge), Ingresó al Módulo de Bienes','2025-07-23','14:17:20'),(9089,'cabrerajorge','Solicitudes','(cabrerajorge), Ingresó al módulo de Solicitudes, lugar: Mis servicios','2025-07-23','14:19:12'),(9090,'cabrerajorge','Dashboard','(cabrerajorge), Ingresó al Módulo de Dashboard','2025-07-23','14:19:15'),(9091,'cabrerajorge','Servicio','(cabrerajorge), Ingresó al Módulo de Servicios Técnicos','2025-07-23','14:19:24'),(9092,'cabrerajorge','Servicio','(cabrerajorge), Ingresó al Módulo de Servicios Técnicos','2025-07-23','14:19:37'),(9093,'cabrerajorge','Solicitud','(cabrerajorge), Ingresó al Módulo de Solicitud','2025-07-23','14:23:11'),(9094,'cabrerajorge','Solicitudes','(cabrerajorge), Ingresó al módulo de Solicitudes, lugar: Mis servicios','2025-07-23','14:23:13'),(9095,'cabrerajorge','Switch','(cabrerajorge), Ingresó al Módulo de Switch','2025-07-23','14:23:17'),(9096,'cabrerajorge','Dashboard','(cabrerajorge), Ingresó al Módulo de Dashboard','2025-07-23','14:23:28'),(9097,'cabrerajorge','Dashboard','(cabrerajorge), Ingresó al Módulo de Dashboard','2025-07-23','14:23:34'),(9098,'cabrerajorge','Servicio','(cabrerajorge), Ingresó al Módulo de Servicios Técnicos','2025-07-23','14:23:40'),(9099,'cabrerajorge','Solicitudes','(cabrerajorge), Ingresó al módulo de Solicitudes, lugar: Mis servicios','2025-07-23','14:23:49'),(9100,'cabrerajorge','Servicio','(cabrerajorge), Ingresó al Módulo de Servicios Técnicos','2025-07-23','14:23:51'),(9101,'cabrerajorge','Servicio','(cabrerajorge), Ingresó al Módulo de Servicios Técnicos','2025-07-23','14:23:58'),(9102,'cabrerajorge','Servicio','(cabrerajorge), Ingresó al Módulo de Servicios Técnicos','2025-07-23','14:24:00'),(9103,'cabrerajorge','Servicio','(cabrerajorge), Ingresó al Módulo de Servicios Técnicos','2025-07-23','14:24:01'),(9104,'cabrerajorge','Servicio','(cabrerajorge), Ingresó al Módulo de Servicios Técnicos','2025-07-23','14:24:03'),(9105,'cabrerajorge','Servicio','(cabrerajorge), Ingresó al Módulo de Servicios Técnicos','2025-07-23','14:24:05'),(9106,'cabrerajorge','Servicio','(cabrerajorge), Ingresó al Módulo de Servicios Técnicos','2025-07-23','14:27:25'),(9107,'cabrerajorge','Servicio','(cabrerajorge), Ingresó al Módulo de Servicios Técnicos','2025-07-23','14:28:20'),(9108,'cabrerajorge','Servicio','(cabrerajorge), Ingresó al Módulo de Servicios Técnicos','2025-07-23','14:33:31'),(9109,'cabrerajorge','Dashboard','(cabrerajorge), Ingresó al Módulo de Dashboard','2025-07-23','14:33:42'),(9110,'cabrerajorge','Solicitudes','(cabrerajorge), Ingresó al módulo de Solicitudes, lugar: Mis servicios','2025-07-23','14:33:44'),(9111,'cabrerajorge','Solicitudes','(cabrerajorge), Ingresó al módulo de Solicitudes, lugar: Mis servicios','2025-07-23','14:34:41'),(9112,'cabrerajorge','Solicitudes','(cabrerajorge), Ingresó al módulo de Solicitudes, lugar: Mis servicios','2025-07-23','14:35:56'),(9113,'cabrerajorge','Solicitud','(cabrerajorge), Ingresó al Módulo de Solicitud','2025-07-23','14:36:03'),(9114,'cabrerajorge','Solicitud','(cabrerajorge), Ingresó al Módulo de Solicitud','2025-07-23','14:36:37'),(9115,'cabrerajorge','Bien','(cabrerajorge), Ingresó al Módulo de Bienes','2025-07-23','15:09:19'),(9116,'cabrerajorge','Bien','(cabrerajorge), Ingresó al Módulo de Bienes','2025-07-23','15:09:19'),(9117,'cabrerajorge','Equipo','(cabrerajorge), Ingresó al Módulo de Equipos','2025-07-23','15:09:22'),(9118,'cabrerajorge','Solicitudes','(cabrerajorge), Ingresó al módulo de Solicitudes, lugar: Mis servicios','2025-07-23','15:21:02'),(9119,'cabrerajorge','Servicio','(cabrerajorge), Ingresó al Módulo de Servicios Técnicos','2025-07-23','15:21:05'),(9120,'cabrerajorge','Solicitud','(cabrerajorge), Ingresó al Módulo de Solicitud','2025-07-23','15:21:08'),(9121,'cabrerajorge','Servicio','(cabrerajorge), Ingresó al Módulo de Servicios Técnicos','2025-07-23','15:21:10'),(9122,'cabrerajorge','Login/Usuario','(cabrerajorge), Inició sesión, ingresa al home','2025-07-24','17:00:58'),(9123,'cabrerajorge','Dashboard','(cabrerajorge), Ingresó al Módulo de Dashboard','2025-07-24','17:01:00'),(9124,'cabrerajorge','Bien','(cabrerajorge), Ingresó al Módulo de Bienes','2025-07-24','17:01:07'),(9125,'cabrerajorge','Bien','(cabrerajorge), Se eliminó un bien','2025-07-24','17:48:54'),(9126,'cabrerajorge','Servicio','(cabrerajorge), Ingresó al Módulo de Servicios Técnicos','2025-07-24','17:49:14'),(9127,'cabrerajorge','Dashboard','(cabrerajorge), Ingresó al Módulo de Dashboard','2025-07-24','18:17:47'),(9128,'cabrerajorge','Bien','(cabrerajorge), Ingresó al Módulo de Bienes','2025-07-24','18:18:38'),(9129,'cabrerajorge','Equipo','(cabrerajorge), Ingresó al Módulo de Equipos','2025-07-24','18:36:40'),(9130,'cabrerajorge','Equipo','(cabrerajorge), error al eliminar un equipo','2025-07-24','21:28:10'),(9131,'cabrerajorge','Equipo','(cabrerajorge), Ingresó al Módulo de Equipos','2025-07-24','21:28:21'),(9132,'cabrerajorge','Equipo','(cabrerajorge), error al eliminar un equipo','2025-07-24','21:28:30'),(9133,'cabrerajorge','Equipo','(cabrerajorge), error al eliminar un equipo','2025-07-24','21:28:34'),(9134,'cabrerajorge','Material','(cabrerajorge), Ingresó al Módulo de Materiales','2025-07-24','21:31:44'),(9135,'cabrerajorge','Login/Usuario','(cabrerajorge), Inició sesión, ingresa al home','2025-07-26','15:35:23'),(9136,'cabrerajorge','Dashboard','(cabrerajorge), Ingresó al Módulo de Dashboard','2025-07-26','15:35:25'),(9137,'cabrerajorge','Dashboard','(cabrerajorge), Ingresó al Módulo de Dashboard','2025-07-26','15:35:35'),(9138,'cabrerajorge','Solicitudes','(cabrerajorge), Ingresó al módulo de Solicitudes, lugar: Mis servicios','2025-07-26','15:35:45'),(9139,'cabrerajorge','Solicitud','(cabrerajorge), Realizó una solicitud exitosamente','2025-07-26','15:35:57'),(9140,'cabrerajorge','Servicio','(cabrerajorge), Ingresó al Módulo de Servicios Técnicos','2025-07-26','15:36:05'),(9141,'cabrerajorge','Servicio','(cabrerajorge), Consultó la hoja de servicio #74','2025-07-26','15:36:15'),(9142,'cabrerajorge','Servicio','(cabrerajorge), Consultó la hoja de servicio #74','2025-07-26','15:36:38'),(9143,'cabrerajorge','Servicio','(cabrerajorge), Redireccionó la hoja de servicio #74','2025-07-26','15:37:09'),(9144,'cabrerajorge','Login/Usuario','(cabrerajorge), Inició sesión, ingresa al home','2025-07-27','13:16:46'),(9145,'cabrerajorge','Dashboard','(cabrerajorge), Ingresó al Módulo de Dashboard','2025-07-27','13:16:49'),(9146,'cabrerajorge','Login/Usuario','(cabrerajorge), Inició sesión, ingresa al home','2025-07-28','14:34:05'),(9147,'cabrerajorge','Dashboard','(cabrerajorge), Ingresó al Módulo de Dashboard','2025-07-28','14:34:06'),(9148,'cabrerajorge','Tipo de Servicio','(cabrerajorge), Ingresó al Módulo de Tipo de Servicio','2025-07-28','14:34:19'),(9149,'cabrerajorge','Tipo de Servicio','(cabrerajorge), Se modificó el registro del servicio con el id:1','2025-07-28','15:02:58'),(9150,'cabrerajorge','Tipo de Servicio','(cabrerajorge), Ingresó al Módulo de Tipo de Servicio','2025-07-28','15:03:04'),(9151,'cabrerajorge','Dashboard','(cabrerajorge), Ingresó al Módulo de Dashboard','2025-07-28','15:06:06'),(9152,'cabrerajorge','Solicitudes','(cabrerajorge), Ingresó al módulo de Solicitudes, lugar: Mis servicios','2025-07-28','15:13:02'),(9153,'cabrerajorge','Dashboard','(cabrerajorge), Ingresó al Módulo de Dashboard','2025-07-28','15:13:03'),(9154,NULL,'Login/Usuario','(V-31843937), Usuario y/o contraseña incorrectos','2025-07-29','11:15:58'),(9155,'cabrerajorge','Login/Usuario','(cabrerajorge), Inició sesión, ingresa al home','2025-07-29','11:16:24'),(9156,'cabrerajorge','Dashboard','(cabrerajorge), Ingresó al Módulo de Dashboard','2025-07-29','11:16:25'),(9157,'cabrerajorge','Dashboard','(cabrerajorge), Ingresó al Módulo de Dashboard','2025-07-29','11:26:20'),(9158,'cabrerajorge','Dashboard','(cabrerajorge), Ingresó al Módulo de Dashboard','2025-07-29','11:27:25'),(9159,'cabrerajorge','Dashboard','(cabrerajorge), Ingresó al Módulo de Dashboard','2025-07-29','11:30:26'),(9160,'cabrerajorge','Dashboard','(cabrerajorge), Ingresó al Módulo de Dashboard','2025-07-29','11:30:37'),(9161,'cabrerajorge','Dashboard','(cabrerajorge), Ingresó al Módulo de Dashboard','2025-07-29','11:32:47'),(9162,'cabrerajorge','Dashboard','(cabrerajorge), Ingresó al Módulo de Dashboard','2025-07-29','11:32:50'),(9163,'cabrerajorge','Dashboard','(cabrerajorge), Ingresó al Módulo de Dashboard','2025-07-29','11:34:28'),(9164,'cabrerajorge','Dashboard','(cabrerajorge), Ingresó al Módulo de Dashboard','2025-07-29','11:34:39'),(9165,'cabrerajorge','Dashboard','(cabrerajorge), Ingresó al Módulo de Dashboard','2025-07-29','11:38:39'),(9166,'cabrerajorge','Dashboard','(cabrerajorge), Ingresó al Módulo de Dashboard','2025-07-29','11:38:55'),(9167,'cabrerajorge','Dashboard','(cabrerajorge), Ingresó al Módulo de Dashboard','2025-07-29','11:42:06'),(9168,'cabrerajorge','Solicitudes','(cabrerajorge), Ingresó al módulo de Solicitudes, lugar: Mis servicios','2025-07-29','11:42:44'),(9169,'cabrerajorge','Solicitudes','(cabrerajorge), Ingresó al módulo de Solicitudes, lugar: Mis servicios','2025-07-29','11:43:37'),(9170,'cabrerajorge','Solicitudes','(cabrerajorge), Ingresó al módulo de Solicitudes, lugar: Mis servicios','2025-07-29','11:44:05'),(9171,'cabrerajorge','Solicitudes','(cabrerajorge), Ingresó al módulo de Solicitudes, lugar: Mis servicios','2025-07-29','11:49:28'),(9172,'cabrerajorge','Solicitudes','(cabrerajorge), Ingresó al módulo de Solicitudes, lugar: Mis servicios','2025-07-29','11:49:30'),(9173,'cabrerajorge','Solicitudes','(cabrerajorge), Ingresó al módulo de Solicitudes, lugar: Mis servicios','2025-07-29','12:25:51'),(9174,'cabrerajorge','Solicitudes','(cabrerajorge), Ingresó al módulo de Solicitudes, lugar: Mis servicios','2025-07-29','12:25:54'),(9175,'cabrerajorge','Solicitudes','(cabrerajorge), Ingresó al módulo de Solicitudes, lugar: Mis servicios','2025-07-29','12:27:08'),(9176,'cabrerajorge','Solicitudes','(cabrerajorge), Ingresó al módulo de Solicitudes, lugar: Mis servicios','2025-07-29','12:27:10'),(9177,'cabrerajorge','Solicitudes','(cabrerajorge), Ingresó al módulo de Solicitudes, lugar: Mis servicios','2025-07-29','12:28:44'),(9178,'cabrerajorge','Solicitudes','(cabrerajorge), Ingresó al módulo de Solicitudes, lugar: Mis servicios','2025-07-29','12:28:46'),(9179,'cabrerajorge','Solicitudes','(cabrerajorge), Ingresó al módulo de Solicitudes, lugar: Mis servicios','2025-07-29','12:28:47'),(9180,'cabrerajorge','Solicitudes','(cabrerajorge), Ingresó al módulo de Solicitudes, lugar: Mis servicios','2025-07-29','12:28:47'),(9181,'cabrerajorge','Solicitudes','(cabrerajorge), Ingresó al módulo de Solicitudes, lugar: Mis servicios','2025-07-29','12:28:49'),(9182,'cabrerajorge','Solicitudes','(cabrerajorge), Ingresó al módulo de Solicitudes, lugar: Mis servicios','2025-07-29','12:29:18'),(9183,'cabrerajorge','Solicitudes','(cabrerajorge), Ingresó al módulo de Solicitudes, lugar: Mis servicios','2025-07-29','12:29:51'),(9184,'cabrerajorge','Solicitudes','(cabrerajorge), Ingresó al módulo de Solicitudes, lugar: Mis servicios','2025-07-29','12:31:03'),(9185,'cabrerajorge','Solicitudes','(cabrerajorge), Ingresó al módulo de Solicitudes, lugar: Mis servicios','2025-07-29','12:31:04'),(9186,'cabrerajorge','Solicitudes','(cabrerajorge), Ingresó al módulo de Solicitudes, lugar: Mis servicios','2025-07-29','12:31:23'),(9187,'cabrerajorge','Solicitudes','(cabrerajorge), Ingresó al módulo de Solicitudes, lugar: Mis servicios','2025-07-29','12:31:25'),(9188,'cabrerajorge','Solicitudes','(cabrerajorge), Ingresó al módulo de Solicitudes, lugar: Mis servicios','2025-07-29','12:31:26'),(9189,'cabrerajorge','Solicitudes','(cabrerajorge), Ingresó al módulo de Solicitudes, lugar: Mis servicios','2025-07-29','12:31:28'),(9190,'cabrerajorge','Solicitudes','(cabrerajorge), Ingresó al módulo de Solicitudes, lugar: Mis servicios','2025-07-29','12:31:29'),(9191,'cabrerajorge','Solicitudes','(cabrerajorge), Ingresó al módulo de Solicitudes, lugar: Mis servicios','2025-07-29','12:31:41'),(9192,'cabrerajorge','Solicitudes','(cabrerajorge), Ingresó al módulo de Solicitudes, lugar: Mis servicios','2025-07-29','12:32:14'),(9193,'cabrerajorge','Solicitudes','(cabrerajorge), Ingresó al módulo de Solicitudes, lugar: Mis servicios','2025-07-29','12:32:45'),(9194,'cabrerajorge','Solicitudes','(cabrerajorge), Ingresó al módulo de Solicitudes, lugar: Mis servicios','2025-07-29','12:33:12'),(9195,'cabrerajorge','Solicitudes','(cabrerajorge), Ingresó al módulo de Solicitudes, lugar: Mis servicios','2025-07-29','12:33:56'),(9196,'cabrerajorge','Solicitudes','(cabrerajorge), Ingresó al módulo de Solicitudes, lugar: Mis servicios','2025-07-29','12:34:08'),(9197,'cabrerajorge','Solicitudes','(cabrerajorge), Ingresó al módulo de Solicitudes, lugar: Mis servicios','2025-07-29','12:37:47'),(9198,'cabrerajorge','Solicitudes','(cabrerajorge), Ingresó al módulo de Solicitudes, lugar: Mis servicios','2025-07-29','12:41:51'),(9199,'cabrerajorge','Solicitudes','(cabrerajorge), Ingresó al módulo de Solicitudes, lugar: Mis servicios','2025-07-29','12:42:59'),(9200,'cabrerajorge','Solicitudes','(cabrerajorge), Ingresó al módulo de Solicitudes, lugar: Mis servicios','2025-07-29','12:44:27'),(9201,'cabrerajorge','Solicitudes','(cabrerajorge), Ingresó al módulo de Solicitudes, lugar: Mis servicios','2025-07-29','12:47:13'),(9202,'cabrerajorge','Solicitudes','(cabrerajorge), Ingresó al módulo de Solicitudes, lugar: Mis servicios','2025-07-29','12:47:22'),(9203,'cabrerajorge','Backup','(cabrerajorge), Se eliminó un backup','2025-07-29','13:06:17');
/*!40000 ALTER TABLE `bitacora` ENABLE KEYS */;
UNLOCK TABLES;

--
-- Table structure for table `modulo`
--

DROP TABLE IF EXISTS `modulo`;
/*!40101 SET @saved_cs_client     = @@character_set_client */;
/*!40101 SET character_set_client = utf8 */;
CREATE TABLE `modulo` (
  `id_modulo` int(11) NOT NULL AUTO_INCREMENT,
  `nombre_modulo` varchar(45) CHARACTER SET armscii8 COLLATE armscii8_general_ci NOT NULL,
  PRIMARY KEY (`id_modulo`)
) ENGINE=InnoDB AUTO_INCREMENT=25 DEFAULT CHARSET=utf8 COLLATE=utf8_unicode_ci;
/*!40101 SET character_set_client = @saved_cs_client */;

--
-- Dumping data for table `modulo`
--

LOCK TABLES `modulo` WRITE;
/*!40000 ALTER TABLE `modulo` DISABLE KEYS */;
INSERT INTO `modulo` VALUES (1,'usuario'),(2,'rol'),(3,'bitacora'),(4,'mantenimiento'),(5,'empleado'),(6,'tecnico'),(7,'solicitud'),(8,'hoja_servicio'),(9,'ente'),(10,'dependencia'),(11,'unidad'),(12,'cargo'),(13,'tipo_servicio'),(14,'bien'),(15,'tipo_bien'),(16,'marca'),(17,'equipo'),(18,'switch'),(19,'patch_panel'),(20,'interconexion'),(21,'punto_conexion'),(22,'piso'),(23,'oficina'),(24,'material');
/*!40000 ALTER TABLE `modulo` ENABLE KEYS */;
UNLOCK TABLES;

--
-- Table structure for table `notificacion`
--

DROP TABLE IF EXISTS `notificacion`;
/*!40101 SET @saved_cs_client     = @@character_set_client */;
/*!40101 SET character_set_client = utf8 */;
CREATE TABLE `notificacion` (
  `id` int(11) NOT NULL AUTO_INCREMENT,
  `usuario` varchar(45) CHARACTER SET ascii COLLATE ascii_general_ci NOT NULL,
  `modulo` varchar(45) NOT NULL,
  `mensaje` varchar(200) NOT NULL,
  `fecha` date NOT NULL,
  `hora` time NOT NULL,
  `estado` varchar(45) NOT NULL DEFAULT 'Nuevo',
  PRIMARY KEY (`id`),
  KEY `usuario` (`usuario`),
  CONSTRAINT `notificacion_ibfk_1` FOREIGN KEY (`usuario`) REFERENCES `usuario` (`nombre_usuario`) ON DELETE CASCADE ON UPDATE CASCADE
) ENGINE=InnoDB AUTO_INCREMENT=416 DEFAULT CHARSET=utf8mb4 COLLATE=utf8mb4_general_ci;
/*!40101 SET character_set_client = @saved_cs_client */;

--
-- Dumping data for table `notificacion`
--

LOCK TABLES `notificacion` WRITE;
/*!40000 ALTER TABLE `notificacion` DISABLE KEYS */;
INSERT INTO `notificacion` VALUES (19,'cabrerajorge','Material','Nuevo material registrado por cabrerajorge: Conector RJ45','2025-07-07','19:52:49','Nuevo'),(235,'cabrerajorge','Tipo de Servicio','Cargo con ID: 1 fue modificado','2025-07-13','22:02:08','Nuevo'),(236,'frank30','Tipo de Servicio','Cargo con ID: 1 fue modificado','2025-07-13','22:02:08','Nuevo'),(237,'lonnar15','Tipo de Servicio','Cargo con ID: 1 fue modificado','2025-07-13','22:02:08','Nuevo'),(238,'lz2712','Tipo de Servicio','Cargo con ID: 1 fue modificado','2025-07-13','22:02:08','Nuevo'),(239,'mari14','Tipo de Servicio','Cargo con ID: 1 fue modificado','2025-07-13','22:02:08','Nuevo'),(240,'maria123','Tipo de Servicio','Cargo con ID: 1 fue modificado','2025-07-13','22:02:08','Nuevo'),(241,'root','Tipo de Servicio','Cargo con ID: 1 fue modificado','2025-07-13','22:02:08','Nuevo'),(242,'cabrerajorge','Solicitud','Nueva solicitud creada por Jorge Cabrera(cabrerajorge): Prueba','2025-07-13','22:04:20','Nuevo'),(243,'frank30','Solicitud','Nueva solicitud creada por Jorge Cabrera(cabrerajorge): Prueba','2025-07-13','22:04:20','Nuevo'),(244,'joli17','Solicitud','Nueva solicitud creada por Jorge Cabrera(cabrerajorge): Prueba','2025-07-13','22:04:20','Nuevo'),(245,'lonnar15','Solicitud','Nueva solicitud creada por Jorge Cabrera(cabrerajorge): Prueba','2025-07-13','22:04:20','Nuevo'),(246,'lz2712','Solicitud','Nueva solicitud creada por Jorge Cabrera(cabrerajorge): Prueba','2025-07-13','22:04:20','Nuevo'),(247,'mari14','Solicitud','Nueva solicitud creada por Jorge Cabrera(cabrerajorge): Prueba','2025-07-13','22:04:20','Nuevo'),(248,'maria123','Solicitud','Nueva solicitud creada por Jorge Cabrera(cabrerajorge): Prueba','2025-07-13','22:04:20','Nuevo'),(249,'root','Solicitud','Nueva solicitud creada por Jorge Cabrera(cabrerajorge): Prueba','2025-07-13','22:04:20','Nuevo'),(250,'cabrerajorge','Solicitud','Nueva solicitud creada por Jorge Cabrera(cabrerajorge): Prueba','2025-07-13','22:04:32','Nuevo'),(251,'frank30','Solicitud','Nueva solicitud creada por Jorge Cabrera(cabrerajorge): Prueba','2025-07-13','22:04:32','Nuevo'),(252,'joli17','Solicitud','Nueva solicitud creada por Jorge Cabrera(cabrerajorge): Prueba','2025-07-13','22:04:32','Nuevo'),(253,'lonnar15','Solicitud','Nueva solicitud creada por Jorge Cabrera(cabrerajorge): Prueba','2025-07-13','22:04:32','Nuevo'),(254,'lz2712','Solicitud','Nueva solicitud creada por Jorge Cabrera(cabrerajorge): Prueba','2025-07-13','22:04:32','Nuevo'),(255,'mari14','Solicitud','Nueva solicitud creada por Jorge Cabrera(cabrerajorge): Prueba','2025-07-13','22:04:32','Nuevo'),(256,'maria123','Solicitud','Nueva solicitud creada por Jorge Cabrera(cabrerajorge): Prueba','2025-07-13','22:04:32','Nuevo'),(257,'root','Solicitud','Nueva solicitud creada por Jorge Cabrera(cabrerajorge): Prueba','2025-07-13','22:04:32','Nuevo'),(258,'frank30','Solicitud','Tienes un nuevo servicio con la solicitud: 179','2025-07-13','22:05:00','Nuevo'),(259,'cabrerajorge','Solicitud','Se esta atendiendo su solicitud nro: 179 y se direccionó al Servicio de: 1','2025-07-13','22:05:00','Nuevo'),(260,'cabrerajorge','Solicitud','Nueva solicitud creada por Jorge Cabrera(cabrerajorge): Prueba','2025-07-18','13:59:10','Nuevo'),(261,'frank30','Solicitud','Nueva solicitud creada por Jorge Cabrera(cabrerajorge): Prueba','2025-07-18','13:59:10','Nuevo'),(262,'joli17','Solicitud','Nueva solicitud creada por Jorge Cabrera(cabrerajorge): Prueba','2025-07-18','13:59:10','Nuevo'),(263,'lonnar15','Solicitud','Nueva solicitud creada por Jorge Cabrera(cabrerajorge): Prueba','2025-07-18','13:59:10','Nuevo'),(264,'lz2712','Solicitud','Nueva solicitud creada por Jorge Cabrera(cabrerajorge): Prueba','2025-07-18','13:59:10','Nuevo'),(265,'mari14','Solicitud','Nueva solicitud creada por Jorge Cabrera(cabrerajorge): Prueba','2025-07-18','13:59:10','Nuevo'),(266,'maria123','Solicitud','Nueva solicitud creada por Jorge Cabrera(cabrerajorge): Prueba','2025-07-18','13:59:10','Nuevo'),(267,'root','Solicitud','Nueva solicitud creada por Jorge Cabrera(cabrerajorge): Prueba','2025-07-18','13:59:10','Nuevo'),(268,'cabrerajorge','Hoja de Servicio','Se le ha asignado una nueva hoja de servicio (#61)','2025-07-20','18:30:52','Nuevo'),(269,'cabrerajorge','Solicitud','Se le ha asignado una nueva solicitud (#2)','2025-07-20','18:30:52','Nuevo'),(270,'cabrerajorge','Solicitud','Nueva solicitud #2 creada por Jorge Cabrera(cabrerajorge): Prueba2','2025-07-20','18:30:53','Nuevo'),(271,'frank30','Solicitud','Nueva solicitud #2 creada por Jorge Cabrera(cabrerajorge): Prueba2','2025-07-20','18:30:53','Nuevo'),(272,'joli17','Solicitud','Nueva solicitud #2 creada por Jorge Cabrera(cabrerajorge): Prueba2','2025-07-20','18:30:53','Nuevo'),(273,'lonnar15','Solicitud','Nueva solicitud #2 creada por Jorge Cabrera(cabrerajorge): Prueba2','2025-07-20','18:30:53','Nuevo'),(274,'lz2712','Solicitud','Nueva solicitud #2 creada por Jorge Cabrera(cabrerajorge): Prueba2','2025-07-20','18:30:53','Nuevo'),(275,'mari14','Solicitud','Nueva solicitud #2 creada por Jorge Cabrera(cabrerajorge): Prueba2','2025-07-20','18:30:53','Nuevo'),(276,'maria123','Solicitud','Nueva solicitud #2 creada por Jorge Cabrera(cabrerajorge): Prueba2','2025-07-20','18:30:53','Nuevo'),(277,'root','Solicitud','Nueva solicitud #2 creada por Jorge Cabrera(cabrerajorge): Prueba2','2025-07-20','18:30:53','Nuevo'),(278,'frank30','Hoja de Servicio','Se le ha asignado una nueva hoja de servicio (#62)','2025-07-20','18:36:03','Nuevo'),(279,'frank30','Solicitud','Se le ha asignado una nueva solicitud (#3)','2025-07-20','18:36:03','Nuevo'),(280,'cabrerajorge','Solicitud','Nueva solicitud #3 creada por Jorge Cabrera(cabrerajorge): Prueba','2025-07-20','18:36:04','Nuevo'),(281,'frank30','Solicitud','Nueva solicitud #3 creada por Jorge Cabrera(cabrerajorge): Prueba','2025-07-20','18:36:04','Nuevo'),(282,'joli17','Solicitud','Nueva solicitud #3 creada por Jorge Cabrera(cabrerajorge): Prueba','2025-07-20','18:36:04','Nuevo'),(283,'lonnar15','Solicitud','Nueva solicitud #3 creada por Jorge Cabrera(cabrerajorge): Prueba','2025-07-20','18:36:04','Nuevo'),(284,'lz2712','Solicitud','Nueva solicitud #3 creada por Jorge Cabrera(cabrerajorge): Prueba','2025-07-20','18:36:04','Nuevo'),(285,'mari14','Solicitud','Nueva solicitud #3 creada por Jorge Cabrera(cabrerajorge): Prueba','2025-07-20','18:36:04','Nuevo'),(286,'maria123','Solicitud','Nueva solicitud #3 creada por Jorge Cabrera(cabrerajorge): Prueba','2025-07-20','18:36:04','Nuevo'),(287,'root','Solicitud','Nueva solicitud #3 creada por Jorge Cabrera(cabrerajorge): Prueba','2025-07-20','18:36:04','Nuevo'),(288,'mari14','Hoja de Servicio','Se le ha asignado una nueva hoja de servicio (#63)','2025-07-20','18:40:56','Nuevo'),(289,'mari14','Solicitud','Se le ha asignado una nueva solicitud (#4)','2025-07-20','18:40:56','Nuevo'),(290,'cabrerajorge','Solicitud','Nueva solicitud #4 creada por Jorge Cabrera(cabrerajorge): Prueba23','2025-07-20','18:40:56','Nuevo'),(291,'frank30','Solicitud','Nueva solicitud #4 creada por Jorge Cabrera(cabrerajorge): Prueba23','2025-07-20','18:40:56','Nuevo'),(292,'joli17','Solicitud','Nueva solicitud #4 creada por Jorge Cabrera(cabrerajorge): Prueba23','2025-07-20','18:40:56','Nuevo'),(293,'lonnar15','Solicitud','Nueva solicitud #4 creada por Jorge Cabrera(cabrerajorge): Prueba23','2025-07-20','18:40:56','Nuevo'),(294,'lz2712','Solicitud','Nueva solicitud #4 creada por Jorge Cabrera(cabrerajorge): Prueba23','2025-07-20','18:40:56','Nuevo'),(295,'mari14','Solicitud','Nueva solicitud #4 creada por Jorge Cabrera(cabrerajorge): Prueba23','2025-07-20','18:40:56','Nuevo'),(296,'maria123','Solicitud','Nueva solicitud #4 creada por Jorge Cabrera(cabrerajorge): Prueba23','2025-07-20','18:40:56','Nuevo'),(297,'root','Solicitud','Nueva solicitud #4 creada por Jorge Cabrera(cabrerajorge): Prueba23','2025-07-20','18:40:56','Nuevo'),(298,'cabrerajorge','Hoja de Servicio','Se le ha asignado una nueva hoja de servicio (#64)','2025-07-21','13:45:32','Nuevo'),(299,'cabrerajorge','Solicitud','Se le ha asignado una nueva solicitud (#5)','2025-07-21','13:45:32','Nuevo'),(300,'cabrerajorge','Solicitud','Nueva solicitud #5 creada por Jorge Cabrera(cabrerajorge): Prueba','2025-07-21','13:45:33','Nuevo'),(301,'frank30','Solicitud','Nueva solicitud #5 creada por Jorge Cabrera(cabrerajorge): Prueba','2025-07-21','13:45:33','Nuevo'),(302,'joli17','Solicitud','Nueva solicitud #5 creada por Jorge Cabrera(cabrerajorge): Prueba','2025-07-21','13:45:33','Nuevo'),(303,'lonnar15','Solicitud','Nueva solicitud #5 creada por Jorge Cabrera(cabrerajorge): Prueba','2025-07-21','13:45:33','Nuevo'),(304,'lz2712','Solicitud','Nueva solicitud #5 creada por Jorge Cabrera(cabrerajorge): Prueba','2025-07-21','13:45:33','Nuevo'),(305,'mari14','Solicitud','Nueva solicitud #5 creada por Jorge Cabrera(cabrerajorge): Prueba','2025-07-21','13:45:33','Nuevo'),(306,'maria123','Solicitud','Nueva solicitud #5 creada por Jorge Cabrera(cabrerajorge): Prueba','2025-07-21','13:45:33','Nuevo'),(307,'root','Solicitud','Nueva solicitud #5 creada por Jorge Cabrera(cabrerajorge): Prueba','2025-07-21','13:45:33','Nuevo'),(308,'mari14','Hoja de Servicio','Se le ha asignado una nueva hoja de servicio (#65)','2025-07-21','13:47:47','Nuevo'),(309,'mari14','Solicitud','Se le ha asignado una nueva solicitud (#6)','2025-07-21','13:47:47','Nuevo'),(310,'cabrerajorge','Solicitud','Nueva solicitud #6 creada por Jorge Cabrera(cabrerajorge): Prueba2','2025-07-21','13:47:47','Nuevo'),(311,'frank30','Solicitud','Nueva solicitud #6 creada por Jorge Cabrera(cabrerajorge): Prueba2','2025-07-21','13:47:47','Nuevo'),(312,'joli17','Solicitud','Nueva solicitud #6 creada por Jorge Cabrera(cabrerajorge): Prueba2','2025-07-21','13:47:47','Nuevo'),(313,'lonnar15','Solicitud','Nueva solicitud #6 creada por Jorge Cabrera(cabrerajorge): Prueba2','2025-07-21','13:47:47','Nuevo'),(314,'lz2712','Solicitud','Nueva solicitud #6 creada por Jorge Cabrera(cabrerajorge): Prueba2','2025-07-21','13:47:47','Nuevo'),(315,'mari14','Solicitud','Nueva solicitud #6 creada por Jorge Cabrera(cabrerajorge): Prueba2','2025-07-21','13:47:47','Nuevo'),(316,'maria123','Solicitud','Nueva solicitud #6 creada por Jorge Cabrera(cabrerajorge): Prueba2','2025-07-21','13:47:47','Nuevo'),(317,'root','Solicitud','Nueva solicitud #6 creada por Jorge Cabrera(cabrerajorge): Prueba2','2025-07-21','13:47:47','Nuevo'),(318,'cabrerajorge','Hoja de Servicio','Se le ha asignado una nueva hoja de servicio (#67)','2025-07-21','13:51:46','Nuevo'),(319,'cabrerajorge','Solicitud','Se le ha asignado una nueva solicitud (#7)','2025-07-21','13:51:46','Leído'),(320,'cabrerajorge','Solicitud','Nueva solicitud #7 creada por Jorge Cabrera(cabrerajorge): Prueba','2025-07-21','13:51:46','Leído'),(321,'frank30','Solicitud','Nueva solicitud #7 creada por Jorge Cabrera(cabrerajorge): Prueba','2025-07-21','13:51:46','Nuevo'),(322,'joli17','Solicitud','Nueva solicitud #7 creada por Jorge Cabrera(cabrerajorge): Prueba','2025-07-21','13:51:46','Nuevo'),(323,'lonnar15','Solicitud','Nueva solicitud #7 creada por Jorge Cabrera(cabrerajorge): Prueba','2025-07-21','13:51:46','Nuevo'),(324,'lz2712','Solicitud','Nueva solicitud #7 creada por Jorge Cabrera(cabrerajorge): Prueba','2025-07-21','13:51:46','Nuevo'),(325,'mari14','Solicitud','Nueva solicitud #7 creada por Jorge Cabrera(cabrerajorge): Prueba','2025-07-21','13:51:46','Nuevo'),(326,'maria123','Solicitud','Nueva solicitud #7 creada por Jorge Cabrera(cabrerajorge): Prueba','2025-07-21','13:51:46','Nuevo'),(327,'root','Solicitud','Nueva solicitud #7 creada por Jorge Cabrera(cabrerajorge): Prueba','2025-07-21','13:51:46','Nuevo'),(328,'mari14','Hoja de Servicio','Se le ha asignado una nueva hoja de servicio (#68)','2025-07-23','10:39:03','Nuevo'),(329,'mari14','Solicitud','Se le ha asignado una nueva solicitud (#8)','2025-07-23','10:39:03','Nuevo'),(330,'cabrerajorge','Solicitud','Nueva solicitud #8 creada por Jorge Cabrera(cabrerajorge): Prueba','2025-07-23','10:39:03','Nuevo'),(331,'frank30','Solicitud','Nueva solicitud #8 creada por Jorge Cabrera(cabrerajorge): Prueba','2025-07-23','10:39:03','Nuevo'),(332,'joli17','Solicitud','Nueva solicitud #8 creada por Jorge Cabrera(cabrerajorge): Prueba','2025-07-23','10:39:03','Nuevo'),(333,'lonnar15','Solicitud','Nueva solicitud #8 creada por Jorge Cabrera(cabrerajorge): Prueba','2025-07-23','10:39:03','Nuevo'),(334,'lz2712','Solicitud','Nueva solicitud #8 creada por Jorge Cabrera(cabrerajorge): Prueba','2025-07-23','10:39:03','Nuevo'),(335,'mari14','Solicitud','Nueva solicitud #8 creada por Jorge Cabrera(cabrerajorge): Prueba','2025-07-23','10:39:03','Nuevo'),(336,'maria123','Solicitud','Nueva solicitud #8 creada por Jorge Cabrera(cabrerajorge): Prueba','2025-07-23','10:39:03','Nuevo'),(337,'root','Solicitud','Nueva solicitud #8 creada por Jorge Cabrera(cabrerajorge): Prueba','2025-07-23','10:39:03','Nuevo'),(338,'frank30','Hoja de Servicio','Se le ha asignado una nueva hoja de servicio (#69)','2025-07-23','10:40:31','Nuevo'),(339,'frank30','Solicitud','Se le ha asignado una nueva solicitud (#9)','2025-07-23','10:40:32','Nuevo'),(340,'cabrerajorge','Solicitud','Nueva solicitud #9 creada por Jorge Cabrera(cabrerajorge): Prueba','2025-07-23','10:40:32','Nuevo'),(341,'frank30','Solicitud','Nueva solicitud #9 creada por Jorge Cabrera(cabrerajorge): Prueba','2025-07-23','10:40:32','Nuevo'),(342,'joli17','Solicitud','Nueva solicitud #9 creada por Jorge Cabrera(cabrerajorge): Prueba','2025-07-23','10:40:32','Nuevo'),(343,'lonnar15','Solicitud','Nueva solicitud #9 creada por Jorge Cabrera(cabrerajorge): Prueba','2025-07-23','10:40:32','Nuevo'),(344,'lz2712','Solicitud','Nueva solicitud #9 creada por Jorge Cabrera(cabrerajorge): Prueba','2025-07-23','10:40:32','Nuevo'),(345,'mari14','Solicitud','Nueva solicitud #9 creada por Jorge Cabrera(cabrerajorge): Prueba','2025-07-23','10:40:32','Nuevo'),(346,'maria123','Solicitud','Nueva solicitud #9 creada por Jorge Cabrera(cabrerajorge): Prueba','2025-07-23','10:40:32','Nuevo'),(347,'root','Solicitud','Nueva solicitud #9 creada por Jorge Cabrera(cabrerajorge): Prueba','2025-07-23','10:40:32','Nuevo'),(348,'mari14','Hoja de Servicio','Se le ha asignado una nueva hoja de servicio (#70)','2025-07-23','10:53:53','Nuevo'),(349,'mari14','Solicitud','Se le ha asignado una nueva solicitud (#10)','2025-07-23','10:53:54','Nuevo'),(350,'cabrerajorge','Solicitud','Nueva solicitud #10 creada por Jorge Cabrera(cabrerajorge): Prueba','2025-07-23','10:53:54','Nuevo'),(351,'frank30','Solicitud','Nueva solicitud #10 creada por Jorge Cabrera(cabrerajorge): Prueba','2025-07-23','10:53:54','Nuevo'),(352,'joli17','Solicitud','Nueva solicitud #10 creada por Jorge Cabrera(cabrerajorge): Prueba','2025-07-23','10:53:54','Nuevo'),(353,'lonnar15','Solicitud','Nueva solicitud #10 creada por Jorge Cabrera(cabrerajorge): Prueba','2025-07-23','10:53:54','Nuevo'),(354,'lz2712','Solicitud','Nueva solicitud #10 creada por Jorge Cabrera(cabrerajorge): Prueba','2025-07-23','10:53:54','Nuevo'),(355,'mari14','Solicitud','Nueva solicitud #10 creada por Jorge Cabrera(cabrerajorge): Prueba','2025-07-23','10:53:54','Nuevo'),(356,'maria123','Solicitud','Nueva solicitud #10 creada por Jorge Cabrera(cabrerajorge): Prueba','2025-07-23','10:53:54','Nuevo'),(357,'root','Solicitud','Nueva solicitud #10 creada por Jorge Cabrera(cabrerajorge): Prueba','2025-07-23','10:53:54','Nuevo'),(358,'cabrerajorge','Hoja de Servicio','Se le ha asignado una nueva hoja de servicio (#71)','2025-07-23','10:57:59','Nuevo'),(359,'cabrerajorge','Solicitud','Se le ha asignado una nueva solicitud (#11)','2025-07-23','10:57:59','Nuevo'),(360,'cabrerajorge','Solicitud','Nueva solicitud #11 creada por Jorge Cabrera(cabrerajorge): Prueba','2025-07-23','10:57:59','Nuevo'),(361,'frank30','Solicitud','Nueva solicitud #11 creada por Jorge Cabrera(cabrerajorge): Prueba','2025-07-23','10:57:59','Nuevo'),(362,'joli17','Solicitud','Nueva solicitud #11 creada por Jorge Cabrera(cabrerajorge): Prueba','2025-07-23','10:57:59','Nuevo'),(363,'lonnar15','Solicitud','Nueva solicitud #11 creada por Jorge Cabrera(cabrerajorge): Prueba','2025-07-23','10:57:59','Nuevo'),(364,'lz2712','Solicitud','Nueva solicitud #11 creada por Jorge Cabrera(cabrerajorge): Prueba','2025-07-23','10:57:59','Nuevo'),(365,'mari14','Solicitud','Nueva solicitud #11 creada por Jorge Cabrera(cabrerajorge): Prueba','2025-07-23','10:57:59','Nuevo'),(366,'maria123','Solicitud','Nueva solicitud #11 creada por Jorge Cabrera(cabrerajorge): Prueba','2025-07-23','10:57:59','Nuevo'),(367,'root','Solicitud','Nueva solicitud #11 creada por Jorge Cabrera(cabrerajorge): Prueba','2025-07-23','10:57:59','Nuevo'),(368,'mari14','Hoja de Servicio','Se le ha asignado una nueva hoja de servicio (#72)','2025-07-23','10:59:28','Nuevo'),(369,'mari14','Solicitud','Se le ha asignado una nueva solicitud (#12)','2025-07-23','10:59:28','Nuevo'),(370,'cabrerajorge','Solicitud','Nueva solicitud #12 creada por Jorge Cabrera(cabrerajorge): Prueba','2025-07-23','10:59:28','Nuevo'),(371,'frank30','Solicitud','Nueva solicitud #12 creada por Jorge Cabrera(cabrerajorge): Prueba','2025-07-23','10:59:28','Nuevo'),(372,'joli17','Solicitud','Nueva solicitud #12 creada por Jorge Cabrera(cabrerajorge): Prueba','2025-07-23','10:59:28','Nuevo'),(373,'lonnar15','Solicitud','Nueva solicitud #12 creada por Jorge Cabrera(cabrerajorge): Prueba','2025-07-23','10:59:28','Nuevo'),(374,'lz2712','Solicitud','Nueva solicitud #12 creada por Jorge Cabrera(cabrerajorge): Prueba','2025-07-23','10:59:28','Nuevo'),(375,'mari14','Solicitud','Nueva solicitud #12 creada por Jorge Cabrera(cabrerajorge): Prueba','2025-07-23','10:59:28','Nuevo'),(376,'maria123','Solicitud','Nueva solicitud #12 creada por Jorge Cabrera(cabrerajorge): Prueba','2025-07-23','10:59:28','Nuevo'),(377,'root','Solicitud','Nueva solicitud #12 creada por Jorge Cabrera(cabrerajorge): Prueba','2025-07-23','10:59:28','Nuevo'),(378,'cabrerajorge','Bien','Has registrado exitosamente el bien con código: 213','2025-07-23','11:29:16','Nuevo'),(379,'cabrerajorge','Bien','Se te ha asignado el bien con código: 213','2025-07-23','11:29:16','Nuevo'),(380,'cabrerajorge','Bien','Has registrado exitosamente el bien con código: 2343','2025-07-23','11:36:13','Nuevo'),(381,'cabrerajorge','Bien','Se te ha asignado el bien con código: 2343','2025-07-23','11:36:13','Nuevo'),(382,'cabrerajorge','Bien','Has registrado exitosamente el bien con código: 1213','2025-07-23','12:13:51','Nuevo'),(383,'maria123','Bien','Se te ha asignado el bien con código: 1213','2025-07-23','12:13:51','Nuevo'),(384,'cabrerajorge','Bien','Has registrado exitosamente el bien con código: 00092','2025-07-23','12:17:10','Nuevo'),(385,'lz2712','Bien','Se te ha asignado el bien con código: 00092','2025-07-23','12:17:10','Nuevo'),(386,'cabrerajorge','Equipo','Has registrado exitosamente el equipo con serial: 1212 asociado al bien: 00092','2025-07-23','12:17:10','Nuevo'),(387,'lz2712','Bien','Se ha asociado un equipo (serial: 1212) al bien 00092 que tienes asignado','2025-07-23','12:17:10','Nuevo'),(388,'frank30','Hoja de Servicio','Se le ha asignado una nueva hoja de servicio (#73)','2025-07-23','13:24:53','Nuevo'),(389,'frank30','Solicitud','Se le ha asignado una nueva solicitud (#13)','2025-07-23','13:24:53','Nuevo'),(390,'cabrerajorge','Solicitud','Nueva solicitud #13 creada por Jorge Cabrera(cabrerajorge): Necesito','2025-07-23','13:24:54','Nuevo'),(391,'frank30','Solicitud','Nueva solicitud #13 creada por Jorge Cabrera(cabrerajorge): Necesito','2025-07-23','13:24:54','Nuevo'),(392,'joli17','Solicitud','Nueva solicitud #13 creada por Jorge Cabrera(cabrerajorge): Necesito','2025-07-23','13:24:54','Nuevo'),(393,'lonnar15','Solicitud','Nueva solicitud #13 creada por Jorge Cabrera(cabrerajorge): Necesito','2025-07-23','13:24:54','Nuevo'),(394,'lz2712','Solicitud','Nueva solicitud #13 creada por Jorge Cabrera(cabrerajorge): Necesito','2025-07-23','13:24:54','Nuevo'),(395,'mari14','Solicitud','Nueva solicitud #13 creada por Jorge Cabrera(cabrerajorge): Necesito','2025-07-23','13:24:54','Nuevo'),(396,'maria123','Solicitud','Nueva solicitud #13 creada por Jorge Cabrera(cabrerajorge): Necesito','2025-07-23','13:24:54','Nuevo'),(397,'root','Solicitud','Nueva solicitud #13 creada por Jorge Cabrera(cabrerajorge): Necesito','2025-07-23','13:24:54','Nuevo'),(398,'cabrerajorge','Bien','Has eliminado el bien con código: 0008','2025-07-24','17:48:54','Nuevo'),(399,'mari14','Hoja de Servicio','Se le ha asignado una nueva hoja de servicio (#74)','2025-07-26','15:35:57','Nuevo'),(400,'mari14','Solicitud','Se le ha asignado una nueva solicitud (#14)','2025-07-26','15:35:57','Nuevo'),(401,'cabrerajorge','Solicitud','Nueva solicitud #14 creada por Jorge Cabrera(cabrerajorge): Prueba','2025-07-26','15:35:57','Nuevo'),(402,'frank30','Solicitud','Nueva solicitud #14 creada por Jorge Cabrera(cabrerajorge): Prueba','2025-07-26','15:35:57','Nuevo'),(403,'joli17','Solicitud','Nueva solicitud #14 creada por Jorge Cabrera(cabrerajorge): Prueba','2025-07-26','15:35:57','Nuevo'),(404,'lonnar15','Solicitud','Nueva solicitud #14 creada por Jorge Cabrera(cabrerajorge): Prueba','2025-07-26','15:35:57','Nuevo'),(405,'lz2712','Solicitud','Nueva solicitud #14 creada por Jorge Cabrera(cabrerajorge): Prueba','2025-07-26','15:35:57','Nuevo'),(406,'mari14','Solicitud','Nueva solicitud #14 creada por Jorge Cabrera(cabrerajorge): Prueba','2025-07-26','15:35:57','Nuevo'),(407,'maria123','Solicitud','Nueva solicitud #14 creada por Jorge Cabrera(cabrerajorge): Prueba','2025-07-26','15:35:57','Nuevo'),(408,'root','Solicitud','Nueva solicitud #14 creada por Jorge Cabrera(cabrerajorge): Prueba','2025-07-26','15:35:57','Nuevo'),(409,'cabrerajorge','Tipo de Servicio','Cargo con ID: 1 fue modificado','2025-07-28','15:02:58','Nuevo'),(410,'frank30','Tipo de Servicio','Cargo con ID: 1 fue modificado','2025-07-28','15:02:58','Nuevo'),(411,'lonnar15','Tipo de Servicio','Cargo con ID: 1 fue modificado','2025-07-28','15:02:58','Nuevo'),(412,'lz2712','Tipo de Servicio','Cargo con ID: 1 fue modificado','2025-07-28','15:02:58','Nuevo'),(413,'mari14','Tipo de Servicio','Cargo con ID: 1 fue modificado','2025-07-28','15:02:58','Nuevo'),(414,'maria123','Tipo de Servicio','Cargo con ID: 1 fue modificado','2025-07-28','15:02:58','Nuevo'),(415,'root','Tipo de Servicio','Cargo con ID: 1 fue modificado','2025-07-28','15:02:58','Nuevo');
/*!40000 ALTER TABLE `notificacion` ENABLE KEYS */;
UNLOCK TABLES;

--
-- Table structure for table `permiso`
--

DROP TABLE IF EXISTS `permiso`;
/*!40101 SET @saved_cs_client     = @@character_set_client */;
/*!40101 SET character_set_client = utf8 */;
CREATE TABLE `permiso` (
  `id_permiso` int(11) NOT NULL AUTO_INCREMENT,
  `id_rol` int(11) NOT NULL,
  `id_modulo` int(11) NOT NULL,
  `accion_permiso` varchar(100) NOT NULL,
  `estado` int(1) NOT NULL DEFAULT 0,
  PRIMARY KEY (`id_permiso`),
  KEY `id_rol` (`id_rol`),
  KEY `id_modulo` (`id_modulo`),
  CONSTRAINT `permiso_ibfk_2` FOREIGN KEY (`id_rol`) REFERENCES `rol` (`id_rol`) ON DELETE CASCADE ON UPDATE CASCADE,
  CONSTRAINT `permiso_ibfk_3` FOREIGN KEY (`id_modulo`) REFERENCES `modulo` (`id_modulo`) ON DELETE CASCADE ON UPDATE CASCADE
) ENGINE=InnoDB AUTO_INCREMENT=1266 DEFAULT CHARSET=utf8 COLLATE=utf8_unicode_ci;
/*!40101 SET character_set_client = @saved_cs_client */;

--
-- Dumping data for table `permiso`
--

LOCK TABLES `permiso` WRITE;
/*!40000 ALTER TABLE `permiso` DISABLE KEYS */;
INSERT INTO `permiso` VALUES (1,1,1,'registrar',1),(2,1,1,'ver',1),(3,1,1,'modificar',1),(4,1,1,'eliminar',1),(5,1,2,'registrar',1),(6,1,2,'ver',1),(7,1,2,'modificar',1),(8,1,2,'eliminar',1),(9,1,3,'ver',1),(10,1,4,'ver',1),(11,1,4,'exportar',1),(12,1,4,'importar',1),(13,1,4,'eliminar',1),(14,1,5,'registrar',1),(15,1,5,'ver',1),(16,1,5,'modificar',1),(17,1,5,'eliminar',1),(18,1,6,'registrar',1),(19,1,6,'ver',1),(20,1,6,'modificar',1),(21,1,6,'eliminar',1),(22,1,7,'registrar',1),(23,1,7,'ver_solicitud',1),(24,1,7,'ver_mi_solicitud',1),(25,1,7,'modificar',1),(26,1,7,'eliminar',1),(27,1,8,'registrar',1),(28,1,8,'ver',1),(29,1,8,'modificar',1),(30,1,8,'eliminar',1),(31,1,9,'registrar',1),(32,1,9,'ver',1),(33,1,9,'modificar',1),(34,1,9,'eliminar',1),(35,1,10,'registrar',1),(36,1,10,'ver',1),(37,1,10,'modificar',1),(38,1,10,'eliminar',1),(39,1,11,'registrar',1),(40,1,11,'ver',1),(41,1,11,'modificar',1),(42,1,11,'eliminar',1),(43,1,12,'registrar',1),(44,1,12,'ver',1),(45,1,12,'modificar',1),(46,1,12,'eliminar',1),(47,1,13,'registrar',1),(48,1,13,'ver',1),(49,1,13,'modificar',1),(50,1,13,'eliminar',1),(51,1,14,'registrar',1),(52,1,14,'ver',1),(53,1,14,'modificar',1),(54,1,14,'eliminar',1),(55,1,15,'registrar',1),(56,1,15,'ver',1),(57,1,15,'modificar',1),(58,1,15,'eliminar',1),(59,1,16,'registrar',1),(60,1,16,'ver',1),(61,1,16,'modificar',1),(62,1,16,'eliminar',1),(63,1,17,'registrar',1),(64,1,17,'ver',1),(65,1,17,'modificar',1),(66,1,17,'eliminar',1),(67,1,18,'registrar',1),(68,1,18,'ver',1),(69,1,18,'modificar',1),(70,1,18,'eliminar',1),(71,1,19,'registrar',1),(72,1,19,'ver',1),(73,1,19,'modificar',1),(74,1,19,'eliminar',1),(75,1,20,'registrar',1),(76,1,20,'ver',1),(77,1,20,'modificar',1),(78,1,20,'eliminar',1),(79,1,21,'registrar',1),(80,1,21,'ver',1),(81,1,21,'modificar',1),(82,1,21,'eliminar',1),(83,1,22,'registrar',1),(84,1,22,'ver',1),(85,1,22,'modificar',1),(86,1,22,'eliminar',1),(87,1,23,'registrar',1),(88,1,23,'ver',1),(89,1,23,'modificar',1),(90,1,23,'eliminar',1),(91,1,24,'registrar',1),(92,1,24,'ver',1),(93,1,24,'modificar',1),(94,1,24,'eliminar',1),(95,2,1,'registrar',1),(96,2,1,'ver',1),(97,2,1,'modificar',1),(98,2,1,'eliminar',1),(99,2,2,'registrar',1),(100,2,2,'ver',1),(101,2,2,'modificar',1),(102,2,2,'eliminar',1),(103,2,3,'ver',1),(104,2,4,'ver',1),(105,2,4,'exportar',1),(106,2,4,'importar',1),(107,2,4,'eliminar',1),(108,2,5,'registrar',1),(109,2,5,'ver',1),(110,2,5,'modificar',1),(111,2,5,'eliminar',1),(112,2,6,'registrar',1),(113,2,6,'ver',1),(114,2,6,'modificar',1),(115,2,6,'eliminar',1),(116,2,7,'registrar',1),(117,2,7,'ver_solicitud',1),(118,2,7,'ver_mi_solicitud',1),(119,2,7,'modificar',1),(120,2,7,'eliminar',1),(121,2,8,'registrar',1),(122,2,8,'ver',1),(123,2,8,'modificar',1),(124,2,8,'eliminar',1),(125,2,9,'registrar',1),(126,2,9,'ver',1),(127,2,9,'modificar',1),(128,2,9,'eliminar',1),(129,2,10,'registrar',1),(130,2,10,'ver',1),(131,2,10,'modificar',1),(132,2,10,'eliminar',1),(133,2,11,'registrar',1),(134,2,11,'ver',1),(135,2,11,'modificar',1),(136,2,11,'eliminar',1),(137,2,12,'registrar',1),(138,2,12,'ver',1),(139,2,12,'modificar',1),(140,2,12,'eliminar',1),(141,2,13,'registrar',1),(142,2,13,'ver',1),(143,2,13,'modificar',1),(144,2,13,'eliminar',1),(145,2,14,'registrar',1),(146,2,14,'ver',1),(147,2,14,'modificar',1),(148,2,14,'eliminar',1),(149,2,15,'registrar',1),(150,2,15,'ver',1),(151,2,15,'modificar',1),(152,2,15,'eliminar',1),(153,2,16,'registrar',1),(154,2,16,'ver',1),(155,2,16,'modificar',1),(156,2,16,'eliminar',1),(157,2,17,'registrar',0),(158,2,17,'ver',0),(159,2,17,'modificar',0),(160,2,17,'eliminar',0),(161,2,18,'registrar',0),(162,2,18,'ver',0),(163,2,18,'modificar',0),(164,2,18,'eliminar',0),(165,2,19,'registrar',0),(166,2,19,'ver',0),(167,2,19,'modificar',0),(168,2,19,'eliminar',0),(169,2,20,'registrar',0),(170,2,20,'ver',0),(171,2,20,'modificar',0),(172,2,20,'eliminar',0),(173,2,21,'registrar',0),(174,2,21,'ver',0),(175,2,21,'modificar',0),(176,2,21,'eliminar',0),(177,2,22,'registrar',0),(178,2,22,'ver',0),(179,2,22,'modificar',0),(180,2,22,'eliminar',0),(181,2,23,'registrar',0),(182,2,23,'ver',0),(183,2,23,'modificar',0),(184,2,23,'eliminar',0),(185,2,24,'registrar',0),(186,2,24,'ver',0),(187,2,24,'modificar',0),(188,2,24,'eliminar',0),(189,3,1,'registrar',1),(190,3,1,'ver',1),(191,3,1,'modificar',1),(192,3,1,'eliminar',1),(193,3,2,'registrar',1),(194,3,2,'ver',1),(195,3,2,'modificar',1),(196,3,2,'eliminar',1),(197,3,3,'ver',1),(198,3,4,'ver',1),(199,3,4,'exportar',1),(200,3,4,'importar',1),(201,3,4,'eliminar',1),(202,3,5,'registrar',1),(203,3,5,'ver',1),(204,3,5,'modificar',1),(205,3,5,'eliminar',1),(206,3,6,'registrar',1),(207,3,6,'ver',1),(208,3,6,'modificar',1),(209,3,6,'eliminar',1),(210,3,7,'registrar',0),(211,3,7,'ver_solicitud',0),(212,3,7,'ver_mi_solicitud',0),(213,3,7,'modificar',0),(214,3,7,'eliminar',0),(215,3,8,'registrar',1),(216,3,8,'ver',1),(217,3,8,'modificar',1),(218,3,8,'eliminar',1),(219,3,9,'registrar',0),(220,3,9,'ver',0),(221,3,9,'modificar',0),(222,3,9,'eliminar',0),(223,3,10,'registrar',0),(224,3,10,'ver',0),(225,3,10,'modificar',0),(226,3,10,'eliminar',0),(227,3,11,'registrar',0),(228,3,11,'ver',0),(229,3,11,'modificar',0),(230,3,11,'eliminar',0),(231,3,12,'registrar',0),(232,3,12,'ver',0),(233,3,12,'modificar',0),(234,3,12,'eliminar',0),(235,3,13,'registrar',0),(236,3,13,'ver',0),(237,3,13,'modificar',0),(238,3,13,'eliminar',0),(239,3,14,'registrar',0),(240,3,14,'ver',0),(241,3,14,'modificar',0),(242,3,14,'eliminar',0),(243,3,15,'registrar',0),(244,3,15,'ver',0),(245,3,15,'modificar',0),(246,3,15,'eliminar',0),(247,3,16,'registrar',0),(248,3,16,'ver',0),(249,3,16,'modificar',0),(250,3,16,'eliminar',0),(251,3,17,'registrar',0),(252,3,17,'ver',0),(253,3,17,'modificar',0),(254,3,17,'eliminar',0),(255,3,18,'registrar',0),(256,3,18,'ver',0),(257,3,18,'modificar',0),(258,3,18,'eliminar',0),(259,3,19,'registrar',0),(260,3,19,'ver',0),(261,3,19,'modificar',0),(262,3,19,'eliminar',0),(263,3,20,'registrar',0),(264,3,20,'ver',0),(265,3,20,'modificar',0),(266,3,20,'eliminar',0),(267,3,21,'registrar',0),(268,3,21,'ver',0),(269,3,21,'modificar',0),(270,3,21,'eliminar',0),(271,3,22,'registrar',1),(272,3,22,'ver',1),(273,3,22,'modificar',1),(274,3,22,'eliminar',1),(275,3,23,'registrar',0),(276,3,23,'ver',0),(277,3,23,'modificar',0),(278,3,23,'eliminar',0),(279,3,24,'registrar',0),(280,3,24,'ver',0),(281,3,24,'modificar',0),(282,3,24,'eliminar',0),(398,1,1,'restaurar',1),(399,1,2,'restaurar',1),(400,1,5,'restaurar',1),(401,1,6,'restaurar',1),(402,1,7,'restaurar',1),(403,1,8,'restaurar',1),(404,1,9,'restaurar',1),(405,1,10,'restaurar',1),(406,1,11,'restaurar',1),(407,1,12,'restaurar',1),(408,1,13,'restaurar',1),(409,1,14,'restaurar',1),(410,1,15,'restaurar',1),(411,1,16,'restaurar',1),(412,1,17,'restaurar',1),(413,1,18,'restaurar',1),(414,1,19,'restaurar',1),(415,1,22,'restaurar',1),(416,1,23,'restaurar',1),(417,1,24,'restaurar',1),(418,2,1,'restaurar',1),(419,2,2,'restaurar',1),(420,2,5,'restaurar',0),(421,2,6,'restaurar',0),(422,2,7,'restaurar',0),(423,2,8,'restaurar',0),(424,2,9,'restaurar',0),(425,2,10,'restaurar',0),(426,2,11,'restaurar',0),(427,2,12,'restaurar',0),(428,2,13,'restaurar',1),(429,2,14,'restaurar',1),(430,2,15,'restaurar',1),(431,2,16,'restaurar',1),(432,2,17,'restaurar',0),(433,2,18,'restaurar',0),(434,2,19,'restaurar',0),(435,2,22,'restaurar',0),(436,2,23,'restaurar',0),(437,2,24,'restaurar',0),(894,1,17,'historial',0),(895,1,24,'historial',1),(1012,4,1,'registrar',0),(1013,4,1,'ver',0),(1014,4,1,'modificar',0),(1015,4,1,'eliminar',0),(1016,4,1,'restaurar',0),(1017,4,2,'registrar',0),(1018,4,2,'ver',0),(1019,4,2,'modificar',0),(1020,4,2,'eliminar',0),(1021,4,2,'restaurar',0),(1022,4,3,'ver',0),(1023,4,4,'ver',0),(1024,4,4,'exportar',0),(1025,4,4,'importar',0),(1026,4,4,'eliminar',0),(1027,4,5,'registrar',0),(1028,4,5,'ver',0),(1029,4,5,'modificar',0),(1030,4,5,'eliminar',0),(1031,4,5,'restaurar',0),(1032,4,6,'registrar',0),(1033,4,6,'ver',0),(1034,4,6,'modificar',0),(1035,4,6,'eliminar',0),(1036,4,6,'restaurar',0),(1037,4,7,'registrar',1),(1038,4,7,'ver_solicitud',1),(1039,4,7,'ver_mi_solicitud',1),(1040,4,7,'modificar',1),(1041,4,7,'eliminar',1),(1042,4,7,'restaurar',1),(1043,4,8,'registrar',1),(1044,4,8,'ver',1),(1045,4,8,'modificar',1),(1046,4,8,'eliminar',1),(1047,4,8,'restaurar',1),(1048,4,9,'registrar',0),(1049,4,9,'ver',0),(1050,4,9,'modificar',0),(1051,4,9,'eliminar',0),(1052,4,9,'restaurar',0),(1053,4,10,'registrar',0),(1054,4,10,'ver',0),(1055,4,10,'modificar',0),(1056,4,10,'eliminar',0),(1057,4,10,'restaurar',0),(1058,4,11,'registrar',0),(1059,4,11,'ver',0),(1060,4,11,'modificar',0),(1061,4,11,'eliminar',0),(1062,4,11,'restaurar',0),(1063,4,12,'registrar',0),(1064,4,12,'ver',0),(1065,4,12,'modificar',0),(1066,4,12,'eliminar',0),(1067,4,12,'restaurar',0),(1068,4,13,'registrar',0),(1069,4,13,'ver',0),(1070,4,13,'modificar',0),(1071,4,13,'eliminar',0),(1072,4,13,'restaurar',0),(1073,4,14,'registrar',0),(1074,4,14,'ver',0),(1075,4,14,'modificar',0),(1076,4,14,'eliminar',0),(1077,4,14,'restaurar',0),(1078,4,15,'registrar',0),(1079,4,15,'ver',0),(1080,4,15,'modificar',0),(1081,4,15,'eliminar',0),(1082,4,15,'restaurar',0),(1083,4,16,'registrar',0),(1084,4,16,'ver',0),(1085,4,16,'modificar',0),(1086,4,16,'eliminar',0),(1087,4,16,'restaurar',0),(1088,4,17,'registrar',0),(1089,4,17,'ver',0),(1090,4,17,'modificar',0),(1091,4,17,'eliminar',0),(1092,4,17,'historial',0),(1093,4,17,'restaurar',0),(1094,4,24,'registrar',0),(1095,4,24,'ver',0),(1096,4,24,'modificar',0),(1097,4,24,'eliminar',0),(1098,4,24,'historial',0),(1099,4,24,'restaurar',0),(1100,4,18,'registrar',0),(1101,4,18,'ver',0),(1102,4,18,'modificar',0),(1103,4,18,'eliminar',0),(1104,4,18,'restaurar',0),(1105,4,19,'registrar',0),(1106,4,19,'ver',0),(1107,4,19,'modificar',0),(1108,4,19,'eliminar',0),(1109,4,19,'restaurar',0),(1110,4,20,'registrar',0),(1111,4,20,'ver',0),(1112,4,20,'modificar',0),(1113,4,20,'eliminar',0),(1114,4,21,'registrar',0),(1115,4,21,'ver',0),(1116,4,21,'modificar',0),(1117,4,21,'eliminar',0),(1118,4,22,'registrar',0),(1119,4,22,'ver',0),(1120,4,22,'modificar',0),(1121,4,22,'eliminar',0),(1122,4,22,'restaurar',0),(1123,4,23,'registrar',0),(1124,4,23,'ver',0),(1125,4,23,'modificar',0),(1126,4,23,'eliminar',0),(1127,4,23,'restaurar',0),(1244,3,1,'restaurar',0),(1245,3,2,'restaurar',0),(1246,3,5,'restaurar',0),(1247,3,6,'restaurar',0),(1248,3,7,'restaurar',0),(1249,3,8,'restaurar',1),(1250,3,9,'restaurar',0),(1251,3,10,'restaurar',0),(1252,3,11,'restaurar',0),(1253,3,12,'restaurar',0),(1254,3,13,'restaurar',0),(1255,3,14,'restaurar',0),(1256,3,15,'restaurar',0),(1257,3,16,'restaurar',0),(1258,3,17,'historial',0),(1259,3,17,'restaurar',0),(1260,3,24,'historial',0),(1261,3,24,'restaurar',0),(1262,3,18,'restaurar',0),(1263,3,19,'restaurar',0),(1264,3,22,'restaurar',0),(1265,3,23,'restaurar',0);
/*!40000 ALTER TABLE `permiso` ENABLE KEYS */;
UNLOCK TABLES;

--
-- Table structure for table `rol`
--

DROP TABLE IF EXISTS `rol`;
/*!40101 SET @saved_cs_client     = @@character_set_client */;
/*!40101 SET character_set_client = utf8 */;
CREATE TABLE `rol` (
  `id_rol` int(11) NOT NULL AUTO_INCREMENT,
  `nombre_rol` varchar(45) CHARACTER SET utf8 COLLATE utf8_bin NOT NULL,
  `estatus` int(1) NOT NULL DEFAULT 1,
  PRIMARY KEY (`id_rol`)
) ENGINE=InnoDB AUTO_INCREMENT=15 DEFAULT CHARSET=utf8 COLLATE=utf8_unicode_ci;
/*!40101 SET character_set_client = @saved_cs_client */;

--
-- Dumping data for table `rol`
--

LOCK TABLES `rol` WRITE;
/*!40000 ALTER TABLE `rol` DISABLE KEYS */;
INSERT INTO `rol` VALUES (1,'SUPERUSUARIO',1),(2,'ADMINISTRADOR',1),(3,'TECNICO',1),(4,'SECRETARIA',1),(5,'SOLICITANTE',1);
/*!40000 ALTER TABLE `rol` ENABLE KEYS */;
UNLOCK TABLES;

--
-- Table structure for table `usuario`
--

DROP TABLE IF EXISTS `usuario`;
/*!40101 SET @saved_cs_client     = @@character_set_client */;
/*!40101 SET character_set_client = utf8 */;
CREATE TABLE `usuario` (
  `nombre_usuario` varchar(45) CHARACTER SET ascii COLLATE ascii_general_ci NOT NULL,
  `cedula` varchar(12) NOT NULL,
  `id_rol` int(11) NOT NULL,
  `nombres` varchar(65) NOT NULL,
  `apellidos` varchar(65) NOT NULL,
  `telefono` varchar(13) NOT NULL,
  `correo` varchar(45) NOT NULL,
  `clave` varchar(128) NOT NULL,
  `foto` varchar(50) NOT NULL,
  `tema` int(11) NOT NULL DEFAULT 0,
  `estatus` int(1) NOT NULL DEFAULT 1,
  PRIMARY KEY (`nombre_usuario`),
  UNIQUE KEY `cedula` (`cedula`),
  UNIQUE KEY `cedula_2` (`cedula`),
  KEY `id_rol` (`id_rol`),
  CONSTRAINT `usuario_ibfk_1` FOREIGN KEY (`id_rol`) REFERENCES `rol` (`id_rol`) ON DELETE CASCADE ON UPDATE CASCADE
) ENGINE=InnoDB DEFAULT CHARSET=utf8mb4 COLLATE=utf8mb4_general_ci;
/*!40101 SET character_set_client = @saved_cs_client */;

--
-- Dumping data for table `usuario`
--

LOCK TABLES `usuario` WRITE;
/*!40000 ALTER TABLE `usuario` DISABLE KEYS */;
INSERT INTO `usuario` VALUES ('cabrerajorge','V-31843937',1,'Jorge','Cabrera','0424-5567016','cabrerajorge2003@gmail.com','$2y$10$TmQDE1rEH.E3KthQ.0QEJOl7ccMlfeBcwCr8AKz.mzLlm5OgOptY6','',5,1),('frank30','V-30454597',2,'Frankling','Fonseca','0424-5041921','ranklinjavierfonsecavasquez@gmail.com','$2y$10$d64FtFMmW8sTyuiKyxD52eN0q9vdBEglqAbOJXUzw80aRB3/uko7K','',0,0),('joli17','V-4865342',4,'Angelina','Joliet','0414-1050663','joliethollywood@gmail.com','$2y$10$4tor5/z17Cpg3bCWfe05q.scz4VHF.fWdr/JDFDAEkmMEOKKDZWiu','',0,1),('lonnar15','V-22450312',2,'Leonardo','DiCaprio','0416-7091089','leonard_15@gmail.com','$2y$10$twZvWGxCCvMx.MxhU.AqGeKzN5IInqTZyCC4WkL1z8MbUpnMIjT3m','',0,1),('lz2712','V-30266398',2,'Leizer','Torrealba','0416-0506544','leizeraponte2020@gmail.com','$2y$10$sONqWv4yy5PEeePKYljGXOLjFuJa1lMz9yua.3cMVAHG4hU.75Jpe','assets/img/foto-perfil/V-30266398.png',0,1),('mari14','V-30587785',2,'Mariangel','Bokor','0424-5319088','bokorarcangel47@gmail.com','','',0,1),('maria123','V-21140325',2,'Felix','Mujica','0400-0000000','ejemplo@gmail.com','12345','',0,0),('root','V-1234567',1,'root','admin','0000-0000000','prueba@gmail.com','$2y$10$iCwnWHHoZErMPiyX4hzuTOlE7g2RJ8AVI/Y/N6yD9uXyA2D0pYFim','',0,1);
/*!40000 ALTER TABLE `usuario` ENABLE KEYS */;
UNLOCK TABLES;
/*!40103 SET TIME_ZONE=@OLD_TIME_ZONE */;

/*!40101 SET SQL_MODE=@OLD_SQL_MODE */;
/*!40014 SET FOREIGN_KEY_CHECKS=@OLD_FOREIGN_KEY_CHECKS */;
/*!40014 SET UNIQUE_CHECKS=@OLD_UNIQUE_CHECKS */;
/*!40101 SET CHARACTER_SET_CLIENT=@OLD_CHARACTER_SET_CLIENT */;
/*!40101 SET CHARACTER_SET_RESULTS=@OLD_CHARACTER_SET_RESULTS */;
/*!40101 SET COLLATION_CONNECTION=@OLD_COLLATION_CONNECTION */;
/*!40111 SET SQL_NOTES=@OLD_SQL_NOTES */;

-- Dump completed on 2025-07-29 13:06:23
