-- phpMyAdmin SQL Dump
-- version 5.2.1
-- https://www.phpmyadmin.net/
--
-- Servidor: 127.0.0.1
-- Tiempo de generación: 08-10-2025 a las 23:57:26
-- Versión del servidor: 10.4.32-MariaDB
-- Versión de PHP: 8.0.30

SET SQL_MODE = "NO_AUTO_VALUE_ON_ZERO";
START TRANSACTION;
SET time_zone = "+00:00";


/*!40101 SET @OLD_CHARACTER_SET_CLIENT=@@CHARACTER_SET_CLIENT */;
/*!40101 SET @OLD_CHARACTER_SET_RESULTS=@@CHARACTER_SET_RESULTS */;
/*!40101 SET @OLD_COLLATION_CONNECTION=@@COLLATION_CONNECTION */;
/*!40101 SET NAMES utf8mb4 */;

--
-- Base de datos: `sigso_usuario`
--

-- --------------------------------------------------------

--
-- Estructura de tabla para la tabla `bitacora`
--

CREATE TABLE `bitacora` (
  `id_bitacora` varchar(24) NOT NULL,
  `usuario` varchar(45) CHARACTER SET ascii COLLATE ascii_general_ci DEFAULT NULL,
  `modulo` varchar(45) NOT NULL,
  `accion_bitacora` varchar(100) NOT NULL,
  `fecha` date NOT NULL,
  `hora` time NOT NULL
) ENGINE=InnoDB DEFAULT CHARSET=utf8mb4 COLLATE=utf8mb4_general_ci;

-- --------------------------------------------------------

--
-- Estructura de tabla para la tabla `modulo`
--

CREATE TABLE `modulo` (
  `id_modulo` varchar(24) NOT NULL,
  `nombre_modulo` varchar(45) CHARACTER SET armscii8 COLLATE armscii8_general_ci NOT NULL
) ENGINE=InnoDB DEFAULT CHARSET=utf8mb4 COLLATE=utf8mb4_general_ci;

--
-- Volcado de datos para la tabla `modulo`
--

INSERT INTO `modulo` (`id_modulo`, `nombre_modulo`) VALUES
('BIEN001420251001', 'bien'),
('BITAC00320251001', 'bitacora'),
('CARGO01220251001', 'cargo'),
('CATEG01520251001', 'categoria'),
('DEPEN01020251001', 'dependencia'),
('EMPLE00520251001', 'empleado'),
('ENTE000920251001', 'ente'),
('EQUIP01720251001', 'equipo'),
('HOJAS00820251001', 'hoja_servicio'),
('INTER02020251001', 'interconexion'),
('MANTE00420251001', 'mantenimiento'),
('MARCA01620251001', 'marca'),
('MATER02420251001', 'material'),
('MODSI02520251001', 'modulo_sistema'),
('OFICIN02320251001', 'oficina'),
('PATCH01920251001', 'patch_panel'),
('PISO002220251001', 'piso'),
('PUNTO02120251001', 'punto_conexion'),
('ROL0000220251001', 'rol'),
('SOLIC00720251001', 'solicitud'),
('SWITC01820251001', 'switch'),
('TECNI00620251001', 'tecnico'),
('TIPOS01320251001', 'tipo_servicio'),
('UNIDA01120251001', 'unidad'),
('USUAR00120251001', 'usuario');

-- --------------------------------------------------------

--
-- Estructura de tabla para la tabla `notificacion`
--

CREATE TABLE `notificacion` (
  `id` int(11) NOT NULL,
  `usuario` varchar(45) CHARACTER SET ascii COLLATE ascii_general_ci NOT NULL,
  `modulo` varchar(45) NOT NULL,
  `mensaje` varchar(200) NOT NULL,
  `fecha` date NOT NULL,
  `hora` time NOT NULL,
  `estado` varchar(45) NOT NULL DEFAULT 'Nuevo'
) ENGINE=InnoDB DEFAULT CHARSET=utf8mb4 COLLATE=utf8mb4_general_ci;

-- --------------------------------------------------------

--
-- Estructura de tabla para la tabla `permiso`
--

CREATE TABLE `permiso` (
  `id_permiso` varchar(24) NOT NULL,
  `id_rol` varchar(24) NOT NULL,
  `id_modulo` varchar(24) NOT NULL,
  `accion_permiso` varchar(100) NOT NULL,
  `estado` int(1) NOT NULL DEFAULT 0
) ENGINE=InnoDB DEFAULT CHARSET=utf8mb4 COLLATE=utf8mb4_general_ci;

--
-- Volcado de datos para la tabla `permiso`
--

INSERT INTO `permiso` (`id_permiso`, `id_rol`, `id_modulo`, `accion_permiso`, `estado`) VALUES
('ADMINCAR2025100517101743', 'ADMIN00220251001', 'MODSI02520251001', 'cargar', 0),
('ADMINCOM2025100517101749', 'ADMIN00220251001', 'MODSI02520251001', 'comprobar', 0),
('ADMINELI2025100517101657', 'ADMIN00220251001', 'USUAR00120251001', 'eliminar', 1),
('ADMINELI2025100517101694', 'ADMIN00220251001', 'ROL0000220251001', 'eliminar', 1),
('ADMINELI2025100517101735', 'ADMIN00220251001', 'MANTE00420251001', 'eliminar', 0),
('ADMINELI2025100517101828', 'ADMIN00220251001', 'TECNI00620251001', 'eliminar', 1),
('ADMINELI2025100517101897', 'ADMIN00220251001', 'EMPLE00520251001', 'eliminar', 1),
('ADMINELI2025100517101972', 'ADMIN00220251001', 'SOLIC00720251001', 'eliminar', 1),
('ADMINELI2025100517102037', 'ADMIN00220251001', 'ENTE000920251001', 'eliminar', 1),
('ADMINELI2025100517102098', 'ADMIN00220251001', 'HOJAS00820251001', 'eliminar', 1),
('ADMINELI2025100517102112', 'ADMIN00220251001', 'UNIDA01120251001', 'eliminar', 1),
('ADMINELI2025100517102172', 'ADMIN00220251001', 'DEPEN01020251001', 'eliminar', 1),
('ADMINELI2025100517102253', 'ADMIN00220251001', 'CARGO01220251001', 'eliminar', 1),
('ADMINELI2025100517102296', 'ADMIN00220251001', 'TIPOS01320251001', 'eliminar', 1),
('ADMINELI2025100517102330', 'ADMIN00220251001', 'BIEN001420251001', 'eliminar', 1),
('ADMINELI2025100517102354', 'ADMIN00220251001', 'CATEG01520251001', 'eliminar', 1),
('ADMINELI2025100517102430', 'ADMIN00220251001', 'EQUIP01720251001', 'eliminar', 1),
('ADMINELI2025100517102492', 'ADMIN00220251001', 'MARCA01620251001', 'eliminar', 1),
('ADMINELI2025100517102569', 'ADMIN00220251001', 'MATER02420251001', 'eliminar', 1),
('ADMINELI2025100517102608', 'ADMIN00220251001', 'SWITC01820251001', 'eliminar', 1),
('ADMINELI2025100517102630', 'ADMIN00220251001', 'PATCH01920251001', 'eliminar', 1),
('ADMINELI2025100517102765', 'ADMIN00220251001', 'INTER02020251001', 'eliminar', 1),
('ADMINELI2025100517102795', 'ADMIN00220251001', 'PUNTO02120251001', 'eliminar', 1),
('ADMINELI2025100517102821', 'ADMIN00220251001', 'PISO002220251001', 'eliminar', 1),
('ADMINELI2025100517102871', 'ADMIN00220251001', 'OFICIN02320251001', 'eliminar', 1),
('ADMINEXP2025100517101718', 'ADMIN00220251001', 'MANTE00420251001', 'exportar', 0),
('ADMINHIS2025100517102539', 'ADMIN00220251001', 'EQUIP01720251001', 'historial', 1),
('ADMINHIS2025100517102575', 'ADMIN00220251001', 'MATER02420251001', 'historial', 1),
('ADMINIMP2025100517101729', 'ADMIN00220251001', 'MANTE00420251001', 'importar', 0),
('ADMINMOD2025100517101652', 'ADMIN00220251001', 'USUAR00120251001', 'modificar', 1),
('ADMINMOD2025100517101687', 'ADMIN00220251001', 'ROL0000220251001', 'modificar', 1),
('ADMINMOD2025100517101822', 'ADMIN00220251001', 'TECNI00620251001', 'modificar', 1),
('ADMINMOD2025100517101891', 'ADMIN00220251001', 'EMPLE00520251001', 'modificar', 1),
('ADMINMOD2025100517101970', 'ADMIN00220251001', 'SOLIC00720251001', 'modificar', 1),
('ADMINMOD2025100517101997', 'ADMIN00220251001', 'HOJAS00820251001', 'modificar', 1),
('ADMINMOD2025100517102030', 'ADMIN00220251001', 'ENTE000920251001', 'modificar', 1),
('ADMINMOD2025100517102104', 'ADMIN00220251001', 'UNIDA01120251001', 'modificar', 1),
('ADMINMOD2025100517102167', 'ADMIN00220251001', 'DEPEN01020251001', 'modificar', 1),
('ADMINMOD2025100517102249', 'ADMIN00220251001', 'CARGO01220251001', 'modificar', 1),
('ADMINMOD2025100517102281', 'ADMIN00220251001', 'TIPOS01320251001', 'modificar', 1),
('ADMINMOD2025100517102321', 'ADMIN00220251001', 'BIEN001420251001', 'modificar', 1),
('ADMINMOD2025100517102344', 'ADMIN00220251001', 'CATEG01520251001', 'modificar', 1),
('ADMINMOD2025100517102424', 'ADMIN00220251001', 'EQUIP01720251001', 'modificar', 1),
('ADMINMOD2025100517102484', 'ADMIN00220251001', 'MARCA01620251001', 'modificar', 1),
('ADMINMOD2025100517102563', 'ADMIN00220251001', 'MATER02420251001', 'modificar', 1),
('ADMINMOD2025100517102604', 'ADMIN00220251001', 'SWITC01820251001', 'modificar', 1),
('ADMINMOD2025100517102624', 'ADMIN00220251001', 'PATCH01920251001', 'modificar', 1),
('ADMINMOD2025100517102757', 'ADMIN00220251001', 'INTER02020251001', 'modificar', 1),
('ADMINMOD2025100517102790', 'ADMIN00220251001', 'PUNTO02120251001', 'modificar', 1),
('ADMINMOD2025100517102816', 'ADMIN00220251001', 'PISO002220251001', 'modificar', 1),
('ADMINMOD2025100517102867', 'ADMIN00220251001', 'OFICIN02320251001', 'modificar', 1),
('ADMINREA2025100517101663', 'ADMIN00220251001', 'USUAR00120251001', 'reactivar', 1),
('ADMINREA2025100517101798', 'ADMIN00220251001', 'ROL0000220251001', 'reactivar', 1),
('ADMINREA2025100517101800', 'ADMIN00220251001', 'EMPLE00520251001', 'reactivar', 1),
('ADMINREA2025100517101938', 'ADMIN00220251001', 'TECNI00620251001', 'reactivar', 1),
('ADMINREA2025100517101977', 'ADMIN00220251001', 'SOLIC00720251001', 'reactivar', 1),
('ADMINREA2025100517102006', 'ADMIN00220251001', 'HOJAS00820251001', 'reactivar', 1),
('ADMINREA2025100517102041', 'ADMIN00220251001', 'ENTE000920251001', 'reactivar', 1),
('ADMINREA2025100517102118', 'ADMIN00220251001', 'UNIDA01120251001', 'reactivar', 1),
('ADMINREA2025100517102182', 'ADMIN00220251001', 'DEPEN01020251001', 'reactivar', 1),
('ADMINREA2025100517102201', 'ADMIN00220251001', 'TIPOS01320251001', 'reactivar', 1),
('ADMINREA2025100517102262', 'ADMIN00220251001', 'CARGO01220251001', 'reactivar', 1),
('ADMINREA2025100517102333', 'ADMIN00220251001', 'BIEN001420251001', 'reactivar', 1),
('ADMINREA2025100517102363', 'ADMIN00220251001', 'CATEG01520251001', 'reactivar', 1),
('ADMINREA2025100517102497', 'ADMIN00220251001', 'MARCA01620251001', 'reactivar', 1),
('ADMINREA2025100517102542', 'ADMIN00220251001', 'EQUIP01720251001', 'reactivar', 1),
('ADMINREA2025100517102579', 'ADMIN00220251001', 'MATER02420251001', 'reactivar', 1),
('ADMINREA2025100517102610', 'ADMIN00220251001', 'SWITC01820251001', 'reactivar', 1),
('ADMINREA2025100517102641', 'ADMIN00220251001', 'PATCH01920251001', 'reactivar', 1),
('ADMINREA2025100517102836', 'ADMIN00220251001', 'PISO002220251001', 'reactivar', 1),
('ADMINREA2025100517102878', 'ADMIN00220251001', 'OFICIN02320251001', 'reactivar', 1),
('ADMINREG2025100517101636', 'ADMIN00220251001', 'USUAR00120251001', 'registrar', 1),
('ADMINREG2025100517101673', 'ADMIN00220251001', 'ROL0000220251001', 'registrar', 1),
('ADMINREG2025100517101812', 'ADMIN00220251001', 'TECNI00620251001', 'registrar', 1),
('ADMINREG2025100517101862', 'ADMIN00220251001', 'EMPLE00520251001', 'registrar', 1),
('ADMINREG2025100517101952', 'ADMIN00220251001', 'SOLIC00720251001', 'registrar', 1),
('ADMINREG2025100517101984', 'ADMIN00220251001', 'HOJAS00820251001', 'registrar', 1),
('ADMINREG2025100517102014', 'ADMIN00220251001', 'ENTE000920251001', 'registrar', 1),
('ADMINREG2025100517102053', 'ADMIN00220251001', 'DEPEN01020251001', 'registrar', 1),
('ADMINREG2025100517102131', 'ADMIN00220251001', 'CARGO01220251001', 'registrar', 1),
('ADMINREG2025100517102189', 'ADMIN00220251001', 'UNIDA01120251001', 'registrar', 1),
('ADMINREG2025100517102270', 'ADMIN00220251001', 'TIPOS01320251001', 'registrar', 1),
('ADMINREG2025100517102311', 'ADMIN00220251001', 'BIEN001420251001', 'registrar', 1),
('ADMINREG2025100517102334', 'ADMIN00220251001', 'CATEG01520251001', 'registrar', 1),
('ADMINREG2025100517102412', 'ADMIN00220251001', 'EQUIP01720251001', 'registrar', 1),
('ADMINREG2025100517102472', 'ADMIN00220251001', 'MARCA01620251001', 'registrar', 1),
('ADMINREG2025100517102549', 'ADMIN00220251001', 'MATER02420251001', 'registrar', 1),
('ADMINREG2025100517102588', 'ADMIN00220251001', 'SWITC01820251001', 'registrar', 1),
('ADMINREG2025100517102614', 'ADMIN00220251001', 'PATCH01920251001', 'registrar', 1),
('ADMINREG2025100517102646', 'ADMIN00220251001', 'INTER02020251001', 'registrar', 1),
('ADMINREG2025100517102705', 'ADMIN00220251001', 'PISO002220251001', 'registrar', 1),
('ADMINREG2025100517102773', 'ADMIN00220251001', 'PUNTO02120251001', 'registrar', 1),
('ADMINREG2025100517102849', 'ADMIN00220251001', 'OFICIN02320251001', 'registrar', 1),
('ADMINVER2025100517101649', 'ADMIN00220251001', 'USUAR00120251001', 'ver', 1),
('ADMINVER2025100517101681', 'ADMIN00220251001', 'ROL0000220251001', 'ver', 1),
('ADMINVER2025100517101701', 'ADMIN00220251001', 'BITAC00320251001', 'ver', 1),
('ADMINVER2025100517101708', 'ADMIN00220251001', 'MANTE00420251001', 'ver', 0),
('ADMINVER2025100517101734', 'ADMIN00220251001', 'MODSI02520251001', 'ver', 0),
('ADMINVER2025100517101818', 'ADMIN00220251001', 'TECNI00620251001', 'ver', 1),
('ADMINVER2025100517101876', 'ADMIN00220251001', 'EMPLE00520251001', 'ver', 1),
('ADMINVER2025100517101954', 'ADMIN00220251001', 'SOLIC00720251001', 'ver_solicitud', 1),
('ADMINVER2025100517101958', 'ADMIN00220251001', 'SOLIC00720251001', 'ver_mi_solicitud', 1),
('ADMINVER2025100517101994', 'ADMIN00220251001', 'HOJAS00820251001', 'ver', 1),
('ADMINVER2025100517102021', 'ADMIN00220251001', 'ENTE000920251001', 'ver', 1),
('ADMINVER2025100517102055', 'ADMIN00220251001', 'DEPEN01020251001', 'ver', 1),
('ADMINVER2025100517102197', 'ADMIN00220251001', 'UNIDA01120251001', 'ver', 1),
('ADMINVER2025100517102240', 'ADMIN00220251001', 'CARGO01220251001', 'ver', 1),
('ADMINVER2025100517102275', 'ADMIN00220251001', 'TIPOS01320251001', 'ver', 1),
('ADMINVER2025100517102314', 'ADMIN00220251001', 'BIEN001420251001', 'ver', 1),
('ADMINVER2025100517102342', 'ADMIN00220251001', 'CATEG01520251001', 'ver', 1),
('ADMINVER2025100517102419', 'ADMIN00220251001', 'EQUIP01720251001', 'ver', 1),
('ADMINVER2025100517102479', 'ADMIN00220251001', 'MARCA01620251001', 'ver', 1),
('ADMINVER2025100517102559', 'ADMIN00220251001', 'MATER02420251001', 'ver', 1),
('ADMINVER2025100517102594', 'ADMIN00220251001', 'SWITC01820251001', 'ver', 1),
('ADMINVER2025100517102624', 'ADMIN00220251001', 'PATCH01920251001', 'ver', 1),
('ADMINVER2025100517102711', 'ADMIN00220251001', 'PISO002220251001', 'ver', 1),
('ADMINVER2025100517102747', 'ADMIN00220251001', 'INTER02020251001', 'ver', 1),
('ADMINVER2025100517102785', 'ADMIN00220251001', 'PUNTO02120251001', 'ver', 1),
('ADMINVER2025100517102859', 'ADMIN00220251001', 'OFICIN02320251001', 'ver', 1),
('SECRECAR2025100517102615', 'SECRE00420251001', 'MODSI02520251001', 'cargar', 0),
('SECRECOM2025100517102625', 'SECRE00420251001', 'MODSI02520251001', 'comprobar', 0),
('SECREELI2025100517102477', 'SECRE00420251001', 'USUAR00120251001', 'eliminar', 0),
('SECREELI2025100517102542', 'SECRE00420251001', 'ROL0000220251001', 'eliminar', 0),
('SECREELI2025100517102598', 'SECRE00420251001', 'MANTE00420251001', 'eliminar', 0),
('SECREELI2025100517102652', 'SECRE00420251001', 'EMPLE00520251001', 'eliminar', 0),
('SECREELI2025100517102742', 'SECRE00420251001', 'SOLIC00720251001', 'eliminar', 1),
('SECREELI2025100517102790', 'SECRE00420251001', 'TECNI00620251001', 'eliminar', 0),
('SECREELI2025100517102820', 'SECRE00420251001', 'ENTE000920251001', 'eliminar', 0),
('SECREELI2025100517102884', 'SECRE00420251001', 'HOJAS00820251001', 'eliminar', 0),
('SECREELI2025100517102946', 'SECRE00420251001', 'DEPEN01020251001', 'eliminar', 0),
('SECREELI2025100517102999', 'SECRE00420251001', 'UNIDA01120251001', 'eliminar', 0),
('SECREELI2025100517103030', 'SECRE00420251001', 'CARGO01220251001', 'eliminar', 0),
('SECREELI2025100517103107', 'SECRE00420251001', 'BIEN001420251001', 'eliminar', 1),
('SECREELI2025100517103188', 'SECRE00420251001', 'TIPOS01320251001', 'eliminar', 0),
('SECREELI2025100517103243', 'SECRE00420251001', 'CATEG01520251001', 'eliminar', 0),
('SECREELI2025100517103278', 'SECRE00420251001', 'MARCA01620251001', 'eliminar', 0),
('SECREELI2025100517103312', 'SECRE00420251001', 'EQUIP01720251001', 'eliminar', 1),
('SECREELI2025100517103341', 'SECRE00420251001', 'MATER02420251001', 'eliminar', 0),
('SECREELI2025100517103484', 'SECRE00420251001', 'SWITC01820251001', 'eliminar', 0),
('SECREELI2025100517103529', 'SECRE00420251001', 'PATCH01920251001', 'eliminar', 0),
('SECREELI2025100517103583', 'SECRE00420251001', 'INTER02020251001', 'eliminar', 0),
('SECREELI2025100517103614', 'SECRE00420251001', 'PUNTO02120251001', 'eliminar', 0),
('SECREELI2025100517103640', 'SECRE00420251001', 'PISO002220251001', 'eliminar', 0),
('SECREELI2025100517103674', 'SECRE00420251001', 'OFICIN02320251001', 'eliminar', 0),
('SECREEXP2025100517102586', 'SECRE00420251001', 'MANTE00420251001', 'exportar', 0),
('SECREHIS2025100517103312', 'SECRE00420251001', 'EQUIP01720251001', 'historial', 1),
('SECREHIS2025100517103351', 'SECRE00420251001', 'MATER02420251001', 'historial', 0),
('SECREIMP2025100517102592', 'SECRE00420251001', 'MANTE00420251001', 'importar', 0),
('SECREMOD2025100517102410', 'SECRE00420251001', 'USUAR00120251001', 'modificar', 0),
('SECREMOD2025100517102533', 'SECRE00420251001', 'ROL0000220251001', 'modificar', 0),
('SECREMOD2025100517102643', 'SECRE00420251001', 'EMPLE00520251001', 'modificar', 0),
('SECREMOD2025100517102730', 'SECRE00420251001', 'SOLIC00720251001', 'modificar', 1),
('SECREMOD2025100517102784', 'SECRE00420251001', 'TECNI00620251001', 'modificar', 0),
('SECREMOD2025100517102808', 'SECRE00420251001', 'ENTE000920251001', 'modificar', 0),
('SECREMOD2025100517102880', 'SECRE00420251001', 'HOJAS00820251001', 'modificar', 0),
('SECREMOD2025100517102937', 'SECRE00420251001', 'DEPEN01020251001', 'modificar', 0),
('SECREMOD2025100517102989', 'SECRE00420251001', 'UNIDA01120251001', 'modificar', 0),
('SECREMOD2025100517103024', 'SECRE00420251001', 'CARGO01220251001', 'modificar', 0),
('SECREMOD2025100517103082', 'SECRE00420251001', 'TIPOS01320251001', 'modificar', 0),
('SECREMOD2025100517103107', 'SECRE00420251001', 'BIEN001420251001', 'modificar', 1),
('SECREMOD2025100517103242', 'SECRE00420251001', 'CATEG01520251001', 'modificar', 0),
('SECREMOD2025100517103270', 'SECRE00420251001', 'MARCA01620251001', 'modificar', 0),
('SECREMOD2025100517103307', 'SECRE00420251001', 'EQUIP01720251001', 'modificar', 1),
('SECREMOD2025100517103341', 'SECRE00420251001', 'MATER02420251001', 'modificar', 0),
('SECREMOD2025100517103422', 'SECRE00420251001', 'PATCH01920251001', 'modificar', 0),
('SECREMOD2025100517103472', 'SECRE00420251001', 'SWITC01820251001', 'modificar', 0),
('SECREMOD2025100517103508', 'SECRE00420251001', 'PUNTO02120251001', 'modificar', 0),
('SECREMOD2025100517103574', 'SECRE00420251001', 'INTER02020251001', 'modificar', 0),
('SECREMOD2025100517103632', 'SECRE00420251001', 'PISO002220251001', 'modificar', 0),
('SECREMOD2025100517103671', 'SECRE00420251001', 'OFICIN02320251001', 'modificar', 0),
('SECREREA2025100517102489', 'SECRE00420251001', 'USUAR00120251001', 'reactivar', 0),
('SECREREA2025100517102554', 'SECRE00420251001', 'ROL0000220251001', 'reactivar', 0),
('SECREREA2025100517102662', 'SECRE00420251001', 'EMPLE00520251001', 'reactivar', 0),
('SECREREA2025100517102752', 'SECRE00420251001', 'SOLIC00720251001', 'reactivar', 1),
('SECREREA2025100517102794', 'SECRE00420251001', 'TECNI00620251001', 'reactivar', 0),
('SECREREA2025100517102899', 'SECRE00420251001', 'HOJAS00820251001', 'reactivar', 0),
('SECREREA2025100517102921', 'SECRE00420251001', 'ENTE000920251001', 'reactivar', 0),
('SECREREA2025100517102960', 'SECRE00420251001', 'DEPEN01020251001', 'reactivar', 0),
('SECREREA2025100517103008', 'SECRE00420251001', 'UNIDA01120251001', 'reactivar', 0),
('SECREREA2025100517103042', 'SECRE00420251001', 'CARGO01220251001', 'reactivar', 0),
('SECREREA2025100517103119', 'SECRE00420251001', 'BIEN001420251001', 'reactivar', 1),
('SECREREA2025100517103194', 'SECRE00420251001', 'TIPOS01320251001', 'reactivar', 0),
('SECREREA2025100517103247', 'SECRE00420251001', 'CATEG01520251001', 'reactivar', 0),
('SECREREA2025100517103289', 'SECRE00420251001', 'MARCA01620251001', 'reactivar', 0),
('SECREREA2025100517103321', 'SECRE00420251001', 'EQUIP01720251001', 'reactivar', 1),
('SECREREA2025100517103460', 'SECRE00420251001', 'MATER02420251001', 'reactivar', 0),
('SECREREA2025100517103497', 'SECRE00420251001', 'SWITC01820251001', 'reactivar', 0),
('SECREREA2025100517103538', 'SECRE00420251001', 'PATCH01920251001', 'reactivar', 0),
('SECREREA2025100517103649', 'SECRE00420251001', 'PISO002220251001', 'reactivar', 0),
('SECREREA2025100517103784', 'SECRE00420251001', 'OFICIN02320251001', 'reactivar', 0),
('SECREREG2025100517102489', 'SECRE00420251001', 'USUAR00120251001', 'registrar', 0),
('SECREREG2025100517102497', 'SECRE00420251001', 'ROL0000220251001', 'registrar', 0),
('SECREREG2025100517102627', 'SECRE00420251001', 'EMPLE00520251001', 'registrar', 0),
('SECREREG2025100517102665', 'SECRE00420251001', 'TECNI00620251001', 'registrar', 0),
('SECREREG2025100517102703', 'SECRE00420251001', 'SOLIC00720251001', 'registrar', 1),
('SECREREG2025100517102863', 'SECRE00420251001', 'HOJAS00820251001', 'registrar', 0),
('SECREREG2025100517102897', 'SECRE00420251001', 'ENTE000920251001', 'registrar', 0),
('SECREREG2025100517102925', 'SECRE00420251001', 'DEPEN01020251001', 'registrar', 0),
('SECREREG2025100517102965', 'SECRE00420251001', 'UNIDA01120251001', 'registrar', 0),
('SECREREG2025100517103008', 'SECRE00420251001', 'CARGO01220251001', 'registrar', 0),
('SECREREG2025100517103056', 'SECRE00420251001', 'TIPOS01320251001', 'registrar', 0),
('SECREREG2025100517103106', 'SECRE00420251001', 'BIEN001420251001', 'registrar', 1),
('SECREREG2025100517103128', 'SECRE00420251001', 'CATEG01520251001', 'registrar', 0),
('SECREREG2025100517103256', 'SECRE00420251001', 'MARCA01620251001', 'registrar', 0),
('SECREREG2025100517103296', 'SECRE00420251001', 'EQUIP01720251001', 'registrar', 1),
('SECREREG2025100517103327', 'SECRE00420251001', 'MATER02420251001', 'registrar', 0),
('SECREREG2025100517103408', 'SECRE00420251001', 'PATCH01920251001', 'registrar', 0),
('SECREREG2025100517103469', 'SECRE00420251001', 'SWITC01820251001', 'registrar', 0),
('SECREREG2025100517103544', 'SECRE00420251001', 'INTER02020251001', 'registrar', 0),
('SECREREG2025100517103584', 'SECRE00420251001', 'PUNTO02120251001', 'registrar', 0),
('SECREREG2025100517103614', 'SECRE00420251001', 'PISO002220251001', 'registrar', 0),
('SECREREG2025100517103658', 'SECRE00420251001', 'OFICIN02320251001', 'registrar', 0),
('SECREVER2025100517102401', 'SECRE00420251001', 'USUAR00120251001', 'ver', 0),
('SECREVER2025100517102503', 'SECRE00420251001', 'ROL0000220251001', 'ver', 0),
('SECREVER2025100517102563', 'SECRE00420251001', 'BITAC00320251001', 'ver', 0),
('SECREVER2025100517102576', 'SECRE00420251001', 'MANTE00420251001', 'ver', 0),
('SECREVER2025100517102611', 'SECRE00420251001', 'MODSI02520251001', 'ver', 0),
('SECREVER2025100517102634', 'SECRE00420251001', 'EMPLE00520251001', 'ver', 0),
('SECREVER2025100517102673', 'SECRE00420251001', 'TECNI00620251001', 'ver', 0),
('SECREVER2025100517102708', 'SECRE00420251001', 'SOLIC00720251001', 'ver_solicitud', 1),
('SECREVER2025100517102718', 'SECRE00420251001', 'SOLIC00720251001', 'ver_mi_solicitud', 1),
('SECREVER2025100517102804', 'SECRE00420251001', 'ENTE000920251001', 'ver', 0),
('SECREVER2025100517102869', 'SECRE00420251001', 'HOJAS00820251001', 'ver', 1),
('SECREVER2025100517102927', 'SECRE00420251001', 'DEPEN01020251001', 'ver', 0),
('SECREVER2025100517102976', 'SECRE00420251001', 'UNIDA01120251001', 'ver', 0),
('SECREVER2025100517103014', 'SECRE00420251001', 'CARGO01220251001', 'ver', 0),
('SECREVER2025100517103067', 'SECRE00420251001', 'TIPOS01320251001', 'ver', 0),
('SECREVER2025100517103107', 'SECRE00420251001', 'BIEN001420251001', 'ver', 1),
('SECREVER2025100517103135', 'SECRE00420251001', 'CATEG01520251001', 'ver', 0),
('SECREVER2025100517103267', 'SECRE00420251001', 'MARCA01620251001', 'ver', 0),
('SECREVER2025100517103305', 'SECRE00420251001', 'EQUIP01720251001', 'ver', 1),
('SECREVER2025100517103336', 'SECRE00420251001', 'MATER02420251001', 'ver', 0),
('SECREVER2025100517103413', 'SECRE00420251001', 'PATCH01920251001', 'ver', 0),
('SECREVER2025100517103467', 'SECRE00420251001', 'SWITC01820251001', 'ver', 0),
('SECREVER2025100517103557', 'SECRE00420251001', 'INTER02020251001', 'ver', 0),
('SECREVER2025100517103598', 'SECRE00420251001', 'PUNTO02120251001', 'ver', 0),
('SECREVER2025100517103621', 'SECRE00420251001', 'PISO002220251001', 'ver', 0),
('SECREVER2025100517103664', 'SECRE00420251001', 'OFICIN02320251001', 'ver', 0),
('SOLICCAR2025100517101904', 'SOLIC00520251001', 'MODSI02520251001', 'cargar', 0),
('SOLICCOM2025100517101910', 'SOLIC00520251001', 'MODSI02520251001', 'comprobar', 0),
('SOLICELI2025100517101776', 'SOLIC00520251001', 'USUAR00120251001', 'eliminar', 0),
('SOLICELI2025100517101826', 'SOLIC00520251001', 'ROL0000220251001', 'eliminar', 0),
('SOLICELI2025100517101992', 'SOLIC00520251001', 'MANTE00420251001', 'eliminar', 0),
('SOLICELI2025100517102042', 'SOLIC00520251001', 'EMPLE00520251001', 'eliminar', 0),
('SOLICELI2025100517102076', 'SOLIC00520251001', 'TECNI00620251001', 'eliminar', 0),
('SOLICELI2025100517102115', 'SOLIC00520251001', 'SOLIC00720251001', 'eliminar', 0),
('SOLICELI2025100517102157', 'SOLIC00520251001', 'HOJAS00820251001', 'eliminar', 0),
('SOLICELI2025100517102299', 'SOLIC00520251001', 'ENTE000920251001', 'eliminar', 0),
('SOLICELI2025100517102353', 'SOLIC00520251001', 'UNIDA01120251001', 'eliminar', 0),
('SOLICELI2025100517102390', 'SOLIC00520251001', 'DEPEN01020251001', 'eliminar', 0),
('SOLICELI2025100517102443', 'SOLIC00520251001', 'TIPOS01320251001', 'eliminar', 0),
('SOLICELI2025100517102484', 'SOLIC00520251001', 'CARGO01220251001', 'eliminar', 0),
('SOLICELI2025100517102500', 'SOLIC00520251001', 'CATEG01520251001', 'eliminar', 0),
('SOLICELI2025100517102572', 'SOLIC00520251001', 'BIEN001420251001', 'eliminar', 0),
('SOLICELI2025100517102643', 'SOLIC00520251001', 'MARCA01620251001', 'eliminar', 0),
('SOLICELI2025100517102744', 'SOLIC00520251001', 'MATER02420251001', 'eliminar', 0),
('SOLICELI2025100517102787', 'SOLIC00520251001', 'EQUIP01720251001', 'eliminar', 0),
('SOLICELI2025100517102804', 'SOLIC00520251001', 'SWITC01820251001', 'eliminar', 0),
('SOLICELI2025100517102830', 'SOLIC00520251001', 'PATCH01920251001', 'eliminar', 0),
('SOLICELI2025100517102908', 'SOLIC00520251001', 'PUNTO02120251001', 'eliminar', 0),
('SOLICELI2025100517102959', 'SOLIC00520251001', 'INTER02020251001', 'eliminar', 0),
('SOLICELI2025100517103032', 'SOLIC00520251001', 'PISO002220251001', 'eliminar', 0),
('SOLICELI2025100517103082', 'SOLIC00520251001', 'OFICIN02320251001', 'eliminar', 0),
('SOLICEXP2025100517101876', 'SOLIC00520251001', 'MANTE00420251001', 'exportar', 0),
('SOLICHIS2025100517102757', 'SOLIC00520251001', 'MATER02420251001', 'historial', 0),
('SOLICHIS2025100517102797', 'SOLIC00520251001', 'EQUIP01720251001', 'historial', 0),
('SOLICIMP2025100517101983', 'SOLIC00520251001', 'MANTE00420251001', 'importar', 0),
('SOLICMOD2025100517101771', 'SOLIC00520251001', 'USUAR00120251001', 'modificar', 0),
('SOLICMOD2025100517101806', 'SOLIC00520251001', 'ROL0000220251001', 'modificar', 0),
('SOLICMOD2025100517102030', 'SOLIC00520251001', 'EMPLE00520251001', 'modificar', 0),
('SOLICMOD2025100517102074', 'SOLIC00520251001', 'TECNI00620251001', 'modificar', 0),
('SOLICMOD2025100517102111', 'SOLIC00520251001', 'SOLIC00720251001', 'modificar', 0),
('SOLICMOD2025100517102155', 'SOLIC00520251001', 'HOJAS00820251001', 'modificar', 0),
('SOLICMOD2025100517102259', 'SOLIC00520251001', 'DEPEN01020251001', 'modificar', 0),
('SOLICMOD2025100517102295', 'SOLIC00520251001', 'ENTE000920251001', 'modificar', 0),
('SOLICMOD2025100517102347', 'SOLIC00520251001', 'UNIDA01120251001', 'modificar', 0),
('SOLICMOD2025100517102426', 'SOLIC00520251001', 'TIPOS01320251001', 'modificar', 0),
('SOLICMOD2025100517102478', 'SOLIC00520251001', 'CARGO01220251001', 'modificar', 0),
('SOLICMOD2025100517102567', 'SOLIC00520251001', 'BIEN001420251001', 'modificar', 0),
('SOLICMOD2025100517102590', 'SOLIC00520251001', 'CATEG01520251001', 'modificar', 0),
('SOLICMOD2025100517102631', 'SOLIC00520251001', 'MARCA01620251001', 'modificar', 0),
('SOLICMOD2025100517102684', 'SOLIC00520251001', 'EQUIP01720251001', 'modificar', 0),
('SOLICMOD2025100517102740', 'SOLIC00520251001', 'MATER02420251001', 'modificar', 0),
('SOLICMOD2025100517102800', 'SOLIC00520251001', 'SWITC01820251001', 'modificar', 0),
('SOLICMOD2025100517102825', 'SOLIC00520251001', 'PATCH01920251001', 'modificar', 0),
('SOLICMOD2025100517102953', 'SOLIC00520251001', 'INTER02020251001', 'modificar', 0),
('SOLICMOD2025100517102974', 'SOLIC00520251001', 'PUNTO02120251001', 'modificar', 0),
('SOLICMOD2025100517103031', 'SOLIC00520251001', 'PISO002220251001', 'modificar', 0),
('SOLICMOD2025100517103072', 'SOLIC00520251001', 'OFICIN02320251001', 'modificar', 0),
('SOLICREA2025100517101839', 'SOLIC00520251001', 'ROL0000220251001', 'reactivar', 0),
('SOLICREA2025100517101881', 'SOLIC00520251001', 'USUAR00120251001', 'reactivar', 0),
('SOLICREA2025100517102011', 'SOLIC00520251001', 'EMPLE00520251001', 'reactivar', 0),
('SOLICREA2025100517102080', 'SOLIC00520251001', 'TECNI00620251001', 'reactivar', 0),
('SOLICREA2025100517102135', 'SOLIC00520251001', 'SOLIC00720251001', 'reactivar', 0),
('SOLICREA2025100517102213', 'SOLIC00520251001', 'ENTE000920251001', 'reactivar', 0),
('SOLICREA2025100517102271', 'SOLIC00520251001', 'HOJAS00820251001', 'reactivar', 0),
('SOLICREA2025100517102353', 'SOLIC00520251001', 'DEPEN01020251001', 'reactivar', 0),
('SOLICREA2025100517102357', 'SOLIC00520251001', 'UNIDA01120251001', 'reactivar', 0),
('SOLICREA2025100517102497', 'SOLIC00520251001', 'CARGO01220251001', 'reactivar', 0),
('SOLICREA2025100517102546', 'SOLIC00520251001', 'TIPOS01320251001', 'reactivar', 0),
('SOLICREA2025100517102587', 'SOLIC00520251001', 'BIEN001420251001', 'reactivar', 0),
('SOLICREA2025100517102609', 'SOLIC00520251001', 'CATEG01520251001', 'reactivar', 0),
('SOLICREA2025100517102656', 'SOLIC00520251001', 'MARCA01620251001', 'reactivar', 0),
('SOLICREA2025100517102709', 'SOLIC00520251001', 'EQUIP01720251001', 'reactivar', 0),
('SOLICREA2025100517102760', 'SOLIC00520251001', 'MATER02420251001', 'reactivar', 0),
('SOLICREA2025100517102807', 'SOLIC00520251001', 'SWITC01820251001', 'reactivar', 0),
('SOLICREA2025100517102935', 'SOLIC00520251001', 'PATCH01920251001', 'reactivar', 0),
('SOLICREA2025100517103047', 'SOLIC00520251001', 'PISO002220251001', 'reactivar', 0),
('SOLICREA2025100517103090', 'SOLIC00520251001', 'OFICIN02320251001', 'reactivar', 0),
('SOLICREG2025100517101748', 'SOLIC00520251001', 'USUAR00120251001', 'registrar', 0),
('SOLICREG2025100517101888', 'SOLIC00520251001', 'ROL0000220251001', 'registrar', 0),
('SOLICREG2025100517101916', 'SOLIC00520251001', 'EMPLE00520251001', 'registrar', 0),
('SOLICREG2025100517102028', 'SOLIC00520251001', 'TECNI00620251001', 'registrar', 0),
('SOLICREG2025100517102089', 'SOLIC00520251001', 'SOLIC00720251001', 'registrar', 0),
('SOLICREG2025100517102142', 'SOLIC00520251001', 'HOJAS00820251001', 'registrar', 0),
('SOLICREG2025100517102221', 'SOLIC00520251001', 'DEPEN01020251001', 'registrar', 0),
('SOLICREG2025100517102279', 'SOLIC00520251001', 'ENTE000920251001', 'registrar', 0),
('SOLICREG2025100517102399', 'SOLIC00520251001', 'UNIDA01120251001', 'registrar', 0),
('SOLICREG2025100517102409', 'SOLIC00520251001', 'TIPOS01320251001', 'registrar', 0),
('SOLICREG2025100517102462', 'SOLIC00520251001', 'CARGO01220251001', 'registrar', 0),
('SOLICREG2025100517102557', 'SOLIC00520251001', 'BIEN001420251001', 'registrar', 0),
('SOLICREG2025100517102586', 'SOLIC00520251001', 'CATEG01520251001', 'registrar', 0),
('SOLICREG2025100517102615', 'SOLIC00520251001', 'MARCA01620251001', 'registrar', 0),
('SOLICREG2025100517102664', 'SOLIC00520251001', 'EQUIP01720251001', 'registrar', 0),
('SOLICREG2025100517102719', 'SOLIC00520251001', 'MATER02420251001', 'registrar', 0),
('SOLICREG2025100517102809', 'SOLIC00520251001', 'PATCH01920251001', 'registrar', 0),
('SOLICREG2025100517102874', 'SOLIC00520251001', 'SWITC01820251001', 'registrar', 0),
('SOLICREG2025100517102941', 'SOLIC00520251001', 'INTER02020251001', 'registrar', 0),
('SOLICREG2025100517102966', 'SOLIC00520251001', 'PUNTO02120251001', 'registrar', 0),
('SOLICREG2025100517103011', 'SOLIC00520251001', 'PISO002220251001', 'registrar', 0),
('SOLICREG2025100517103051', 'SOLIC00520251001', 'OFICIN02320251001', 'registrar', 0),
('SOLICVER2025100517101764', 'SOLIC00520251001', 'USUAR00120251001', 'ver', 0),
('SOLICVER2025100517101800', 'SOLIC00520251001', 'ROL0000220251001', 'ver', 0),
('SOLICVER2025100517101843', 'SOLIC00520251001', 'BITAC00320251001', 'ver', 0),
('SOLICVER2025100517101862', 'SOLIC00520251001', 'MANTE00420251001', 'ver', 0),
('SOLICVER2025100517101924', 'SOLIC00520251001', 'EMPLE00520251001', 'ver', 0),
('SOLICVER2025100517101996', 'SOLIC00520251001', 'MODSI02520251001', 'ver', 0),
('SOLICVER2025100517102055', 'SOLIC00520251001', 'TECNI00620251001', 'ver', 0),
('SOLICVER2025100517102102', 'SOLIC00520251001', 'SOLIC00720251001', 'ver_mi_solicitud', 1),
('SOLICVER2025100517102142', 'SOLIC00520251001', 'HOJAS00820251001', 'ver', 0),
('SOLICVER2025100517102194', 'SOLIC00520251001', 'SOLIC00720251001', 'ver_solicitud', 0),
('SOLICVER2025100517102231', 'SOLIC00520251001', 'DEPEN01020251001', 'ver', 0),
('SOLICVER2025100517102294', 'SOLIC00520251001', 'ENTE000920251001', 'ver', 0),
('SOLICVER2025100517102307', 'SOLIC00520251001', 'UNIDA01120251001', 'ver', 0),
('SOLICVER2025100517102421', 'SOLIC00520251001', 'TIPOS01320251001', 'ver', 0),
('SOLICVER2025100517102468', 'SOLIC00520251001', 'CARGO01220251001', 'ver', 0),
('SOLICVER2025100517102557', 'SOLIC00520251001', 'BIEN001420251001', 'ver', 0),
('SOLICVER2025100517102591', 'SOLIC00520251001', 'CATEG01520251001', 'ver', 0),
('SOLICVER2025100517102623', 'SOLIC00520251001', 'MARCA01620251001', 'ver', 0),
('SOLICVER2025100517102671', 'SOLIC00520251001', 'EQUIP01720251001', 'ver', 0),
('SOLICVER2025100517102729', 'SOLIC00520251001', 'MATER02420251001', 'ver', 0),
('SOLICVER2025100517102820', 'SOLIC00520251001', 'PATCH01920251001', 'ver', 0),
('SOLICVER2025100517102884', 'SOLIC00520251001', 'SWITC01820251001', 'ver', 0),
('SOLICVER2025100517102949', 'SOLIC00520251001', 'INTER02020251001', 'ver', 0),
('SOLICVER2025100517102971', 'SOLIC00520251001', 'PUNTO02120251001', 'ver', 0),
('SOLICVER2025100517103016', 'SOLIC00520251001', 'PISO002220251001', 'ver', 0),
('SOLICVER2025100517103061', 'SOLIC00520251001', 'OFICIN02320251001', 'ver', 0),
('SUPERCAR2025100517104124', 'SUPER00120251001', 'MODSI02520251001', 'cargar', 1),
('SUPERCOM2025100517104132', 'SUPER00120251001', 'MODSI02520251001', 'comprobar', 1),
('SUPERELI2025100517104017', 'SUPER00120251001', 'USUAR00120251001', 'eliminar', 1),
('SUPERELI2025100517104059', 'SUPER00120251001', 'ROL0000220251001', 'eliminar', 1),
('SUPERELI2025100517104109', 'SUPER00120251001', 'MANTE00420251001', 'eliminar', 1),
('SUPERELI2025100517104155', 'SUPER00120251001', 'EMPLE00520251001', 'eliminar', 1),
('SUPERELI2025100517104219', 'SUPER00120251001', 'TECNI00620251001', 'eliminar', 1),
('SUPERELI2025100517104300', 'SUPER00120251001', 'HOJAS00820251001', 'eliminar', 1),
('SUPERELI2025100517104371', 'SUPER00120251001', 'SOLIC00720251001', 'eliminar', 1),
('SUPERELI2025100517104436', 'SUPER00120251001', 'ENTE000920251001', 'eliminar', 1),
('SUPERELI2025100517104473', 'SUPER00120251001', 'DEPEN01020251001', 'eliminar', 1),
('SUPERELI2025100517104507', 'SUPER00120251001', 'UNIDA01120251001', 'eliminar', 1),
('SUPERELI2025100517104548', 'SUPER00120251001', 'CARGO01220251001', 'eliminar', 1),
('SUPERELI2025100517104634', 'SUPER00120251001', 'BIEN001420251001', 'eliminar', 1),
('SUPERELI2025100517104694', 'SUPER00120251001', 'TIPOS01320251001', 'eliminar', 1),
('SUPERELI2025100517104779', 'SUPER00120251001', 'CATEG01520251001', 'eliminar', 1),
('SUPERELI2025100517104825', 'SUPER00120251001', 'MARCA01620251001', 'eliminar', 1),
('SUPERELI2025100517104868', 'SUPER00120251001', 'EQUIP01720251001', 'eliminar', 1),
('SUPERELI2025100517104919', 'SUPER00120251001', 'MATER02420251001', 'eliminar', 1),
('SUPERELI2025100517104966', 'SUPER00120251001', 'SWITC01820251001', 'eliminar', 1),
('SUPERELI2025100517105011', 'SUPER00120251001', 'PATCH01920251001', 'eliminar', 1),
('SUPERELI2025100517105045', 'SUPER00120251001', 'INTER02020251001', 'eliminar', 1),
('SUPERELI2025100517105123', 'SUPER00120251001', 'PISO002220251001', 'eliminar', 1),
('SUPERELI2025100517105192', 'SUPER00120251001', 'PUNTO02120251001', 'eliminar', 1),
('SUPERELI2025100517105281', 'SUPER00120251001', 'OFICIN02320251001', 'eliminar', 1),
('SUPEREXP2025100517104092', 'SUPER00120251001', 'MANTE00420251001', 'exportar', 1),
('SUPERHIS2025100517104874', 'SUPER00120251001', 'EQUIP01720251001', 'historial', 1),
('SUPERHIS2025100517104931', 'SUPER00120251001', 'MATER02420251001', 'historial', 1),
('SUPERIMP2025100517104196', 'SUPER00120251001', 'MANTE00420251001', 'importar', 1),
('SUPERMOD2025100517103904', 'SUPER00120251001', 'USUAR00120251001', 'modificar', 1),
('SUPERMOD2025100517104050', 'SUPER00120251001', 'ROL0000220251001', 'modificar', 1),
('SUPERMOD2025100517104153', 'SUPER00120251001', 'EMPLE00520251001', 'modificar', 1),
('SUPERMOD2025100517104205', 'SUPER00120251001', 'TECNI00620251001', 'modificar', 1),
('SUPERMOD2025100517104363', 'SUPER00120251001', 'SOLIC00720251001', 'modificar', 1),
('SUPERMOD2025100517104395', 'SUPER00120251001', 'HOJAS00820251001', 'modificar', 1),
('SUPERMOD2025100517104425', 'SUPER00120251001', 'ENTE000920251001', 'modificar', 1),
('SUPERMOD2025100517104465', 'SUPER00120251001', 'DEPEN01020251001', 'modificar', 1),
('SUPERMOD2025100517104539', 'SUPER00120251001', 'CARGO01220251001', 'modificar', 1),
('SUPERMOD2025100517104597', 'SUPER00120251001', 'UNIDA01120251001', 'modificar', 1),
('SUPERMOD2025100517104625', 'SUPER00120251001', 'BIEN001420251001', 'modificar', 1),
('SUPERMOD2025100517104687', 'SUPER00120251001', 'TIPOS01320251001', 'modificar', 1),
('SUPERMOD2025100517104716', 'SUPER00120251001', 'MARCA01620251001', 'modificar', 1),
('SUPERMOD2025100517104768', 'SUPER00120251001', 'CATEG01520251001', 'modificar', 1),
('SUPERMOD2025100517104865', 'SUPER00120251001', 'EQUIP01720251001', 'modificar', 1),
('SUPERMOD2025100517104912', 'SUPER00120251001', 'MATER02420251001', 'modificar', 1),
('SUPERMOD2025100517104961', 'SUPER00120251001', 'SWITC01820251001', 'modificar', 1),
('SUPERMOD2025100517105005', 'SUPER00120251001', 'PATCH01920251001', 'modificar', 1),
('SUPERMOD2025100517105037', 'SUPER00120251001', 'INTER02020251001', 'modificar', 1),
('SUPERMOD2025100517105111', 'SUPER00120251001', 'PISO002220251001', 'modificar', 1),
('SUPERMOD2025100517105184', 'SUPER00120251001', 'PUNTO02120251001', 'modificar', 1),
('SUPERMOD2025100517105265', 'SUPER00120251001', 'OFICIN02320251001', 'modificar', 1),
('SUPERREA2025100517104022', 'SUPER00120251001', 'USUAR00120251001', 'reactivar', 1),
('SUPERREA2025100517104068', 'SUPER00120251001', 'ROL0000220251001', 'reactivar', 1),
('SUPERREA2025100517104227', 'SUPER00120251001', 'TECNI00620251001', 'reactivar', 1),
('SUPERREA2025100517104272', 'SUPER00120251001', 'EMPLE00520251001', 'reactivar', 1),
('SUPERREA2025100517104304', 'SUPER00120251001', 'HOJAS00820251001', 'reactivar', 1),
('SUPERREA2025100517104378', 'SUPER00120251001', 'SOLIC00720251001', 'reactivar', 1),
('SUPERREA2025100517104443', 'SUPER00120251001', 'ENTE000920251001', 'reactivar', 1),
('SUPERREA2025100517104480', 'SUPER00120251001', 'DEPEN01020251001', 'reactivar', 1),
('SUPERREA2025100517104516', 'SUPER00120251001', 'UNIDA01120251001', 'reactivar', 1),
('SUPERREA2025100517104557', 'SUPER00120251001', 'CARGO01220251001', 'reactivar', 1),
('SUPERREA2025100517104607', 'SUPER00120251001', 'TIPOS01320251001', 'reactivar', 1),
('SUPERREA2025100517104748', 'SUPER00120251001', 'BIEN001420251001', 'reactivar', 1),
('SUPERREA2025100517104787', 'SUPER00120251001', 'CATEG01520251001', 'reactivar', 1),
('SUPERREA2025100517104835', 'SUPER00120251001', 'MARCA01620251001', 'reactivar', 1),
('SUPERREA2025100517104883', 'SUPER00120251001', 'EQUIP01720251001', 'reactivar', 1),
('SUPERREA2025100517104937', 'SUPER00120251001', 'MATER02420251001', 'reactivar', 1),
('SUPERREA2025100517104976', 'SUPER00120251001', 'SWITC01820251001', 'reactivar', 1),
('SUPERREA2025100517105017', 'SUPER00120251001', 'PATCH01920251001', 'reactivar', 1),
('SUPERREA2025100517105136', 'SUPER00120251001', 'PISO002220251001', 'reactivar', 1),
('SUPERREA2025100517105281', 'SUPER00120251001', 'OFICIN02320251001', 'reactivar', 1),
('SUPERREG2025100517103983', 'SUPER00120251001', 'USUAR00120251001', 'registrar', 1),
('SUPERREG2025100517104031', 'SUPER00120251001', 'ROL0000220251001', 'registrar', 1),
('SUPERREG2025100517104138', 'SUPER00120251001', 'EMPLE00520251001', 'registrar', 1),
('SUPERREG2025100517104230', 'SUPER00120251001', 'SOLIC00720251001', 'registrar', 1),
('SUPERREG2025100517104273', 'SUPER00120251001', 'TECNI00620251001', 'registrar', 1),
('SUPERREG2025100517104309', 'SUPER00120251001', 'ENTE000920251001', 'registrar', 1),
('SUPERREG2025100517104381', 'SUPER00120251001', 'HOJAS00820251001', 'registrar', 1),
('SUPERREG2025100517104453', 'SUPER00120251001', 'DEPEN01020251001', 'registrar', 1),
('SUPERREG2025100517104485', 'SUPER00120251001', 'UNIDA01120251001', 'registrar', 1),
('SUPERREG2025100517104523', 'SUPER00120251001', 'CARGO01220251001', 'registrar', 1),
('SUPERREG2025100517104611', 'SUPER00120251001', 'BIEN001420251001', 'registrar', 1),
('SUPERREG2025100517104669', 'SUPER00120251001', 'TIPOS01320251001', 'registrar', 1),
('SUPERREG2025100517104756', 'SUPER00120251001', 'CATEG01520251001', 'registrar', 1),
('SUPERREG2025100517104795', 'SUPER00120251001', 'MARCA01620251001', 'registrar', 1),
('SUPERREG2025100517104843', 'SUPER00120251001', 'EQUIP01720251001', 'registrar', 1),
('SUPERREG2025100517104893', 'SUPER00120251001', 'MATER02420251001', 'registrar', 1),
('SUPERREG2025100517104949', 'SUPER00120251001', 'SWITC01820251001', 'registrar', 1),
('SUPERREG2025100517105027', 'SUPER00120251001', 'INTER02020251001', 'registrar', 1),
('SUPERREG2025100517105085', 'SUPER00120251001', 'PATCH01920251001', 'registrar', 1),
('SUPERREG2025100517105158', 'SUPER00120251001', 'PUNTO02120251001', 'registrar', 1),
('SUPERREG2025100517105199', 'SUPER00120251001', 'PISO002220251001', 'registrar', 1),
('SUPERREG2025100517105243', 'SUPER00120251001', 'OFICIN02320251001', 'registrar', 1),
('SUPERVER2025100517103900', 'SUPER00120251001', 'USUAR00120251001', 'ver', 1),
('SUPERVER2025100517104039', 'SUPER00120251001', 'ROL0000220251001', 'ver', 1),
('SUPERVER2025100517104077', 'SUPER00120251001', 'BITAC00320251001', 'ver', 1),
('SUPERVER2025100517104080', 'SUPER00120251001', 'MANTE00420251001', 'ver', 1),
('SUPERVER2025100517104117', 'SUPER00120251001', 'MODSI02520251001', 'ver', 1),
('SUPERVER2025100517104144', 'SUPER00120251001', 'EMPLE00520251001', 'ver', 1),
('SUPERVER2025100517104242', 'SUPER00120251001', 'SOLIC00720251001', 'ver_solicitud', 1),
('SUPERVER2025100517104249', 'SUPER00120251001', 'SOLIC00720251001', 'ver_mi_solicitud', 1),
('SUPERVER2025100517104287', 'SUPER00120251001', 'TECNI00620251001', 'ver', 1),
('SUPERVER2025100517104389', 'SUPER00120251001', 'HOJAS00820251001', 'ver', 1),
('SUPERVER2025100517104416', 'SUPER00120251001', 'ENTE000920251001', 'ver', 1),
('SUPERVER2025100517104462', 'SUPER00120251001', 'DEPEN01020251001', 'ver', 1),
('SUPERVER2025100517104531', 'SUPER00120251001', 'CARGO01220251001', 'ver', 1),
('SUPERVER2025100517104594', 'SUPER00120251001', 'UNIDA01120251001', 'ver', 1),
('SUPERVER2025100517104615', 'SUPER00120251001', 'BIEN001420251001', 'ver', 1),
('SUPERVER2025100517104676', 'SUPER00120251001', 'TIPOS01320251001', 'ver', 1),
('SUPERVER2025100517104706', 'SUPER00120251001', 'MARCA01620251001', 'ver', 1),
('SUPERVER2025100517104758', 'SUPER00120251001', 'CATEG01520251001', 'ver', 1),
('SUPERVER2025100517104851', 'SUPER00120251001', 'EQUIP01720251001', 'ver', 1),
('SUPERVER2025100517104903', 'SUPER00120251001', 'MATER02420251001', 'ver', 1),
('SUPERVER2025100517104957', 'SUPER00120251001', 'SWITC01820251001', 'ver', 1),
('SUPERVER2025100517105031', 'SUPER00120251001', 'INTER02020251001', 'ver', 1),
('SUPERVER2025100517105095', 'SUPER00120251001', 'PATCH01920251001', 'ver', 1),
('SUPERVER2025100517105110', 'SUPER00120251001', 'PISO002220251001', 'ver', 1),
('SUPERVER2025100517105167', 'SUPER00120251001', 'PUNTO02120251001', 'ver', 1),
('SUPERVER2025100517105253', 'SUPER00120251001', 'OFICIN02320251001', 'ver', 1),
('TECNICAR2025100517103946', 'TECNI00320251001', 'MODSI02520251001', 'cargar', 0),
('TECNICOM2025100517103956', 'TECNI00320251001', 'MODSI02520251001', 'comprobar', 0),
('TECNIELI2025100517103712', 'TECNI00320251001', 'USUAR00120251001', 'eliminar', 0),
('TECNIELI2025100517103835', 'TECNI00320251001', 'MANTE00420251001', 'eliminar', 0),
('TECNIELI2025100517103880', 'TECNI00320251001', 'ROL0000220251001', 'eliminar', 0),
('TECNIELI2025100517103996', 'TECNI00320251001', 'EMPLE00520251001', 'eliminar', 0),
('TECNIELI2025100517104001', 'TECNI00320251001', 'SOLIC00720251001', 'eliminar', 0),
('TECNIELI2025100517104049', 'TECNI00320251001', 'TECNI00620251001', 'eliminar', 0),
('TECNIELI2025100517104137', 'TECNI00320251001', 'HOJAS00820251001', 'eliminar', 0),
('TECNIELI2025100517104179', 'TECNI00320251001', 'ENTE000920251001', 'eliminar', 0),
('TECNIELI2025100517104296', 'TECNI00320251001', 'DEPEN01020251001', 'eliminar', 0),
('TECNIELI2025100517104340', 'TECNI00320251001', 'UNIDA01120251001', 'eliminar', 0),
('TECNIELI2025100517104372', 'TECNI00320251001', 'CARGO01220251001', 'eliminar', 0),
('TECNIELI2025100517104411', 'TECNI00320251001', 'TIPOS01320251001', 'eliminar', 0),
('TECNIELI2025100517104452', 'TECNI00320251001', 'BIEN001420251001', 'eliminar', 0),
('TECNIELI2025100517104529', 'TECNI00320251001', 'MARCA01620251001', 'eliminar', 0),
('TECNIELI2025100517104594', 'TECNI00320251001', 'CATEG01520251001', 'eliminar', 0),
('TECNIELI2025100517104618', 'TECNI00320251001', 'MATER02420251001', 'eliminar', 0),
('TECNIELI2025100517104667', 'TECNI00320251001', 'EQUIP01720251001', 'eliminar', 0),
('TECNIELI2025100517104761', 'TECNI00320251001', 'SWITC01820251001', 'eliminar', 0),
('TECNIELI2025100517104844', 'TECNI00320251001', 'INTER02020251001', 'eliminar', 0),
('TECNIELI2025100517104896', 'TECNI00320251001', 'PATCH01920251001', 'eliminar', 0),
('TECNIELI2025100517104928', 'TECNI00320251001', 'PISO002220251001', 'eliminar', 0),
('TECNIELI2025100517104984', 'TECNI00320251001', 'PUNTO02120251001', 'eliminar', 0),
('TECNIELI2025100517105067', 'TECNI00320251001', 'OFICIN02320251001', 'eliminar', 0),
('TECNIEXP2025100517103812', 'TECNI00320251001', 'MANTE00420251001', 'exportar', 0),
('TECNIHIS2025100517104670', 'TECNI00320251001', 'EQUIP01720251001', 'historial', 1),
('TECNIHIS2025100517104728', 'TECNI00320251001', 'MATER02420251001', 'historial', 1),
('TECNIIMP2025100517103825', 'TECNI00320251001', 'MANTE00420251001', 'importar', 0),
('TECNIMOD2025100517103709', 'TECNI00320251001', 'USUAR00120251001', 'modificar', 0),
('TECNIMOD2025100517103865', 'TECNI00320251001', 'ROL0000220251001', 'modificar', 0),
('TECNIMOD2025100517103986', 'TECNI00320251001', 'EMPLE00520251001', 'modificar', 0),
('TECNIMOD2025100517104033', 'TECNI00320251001', 'TECNI00620251001', 'modificar', 0),
('TECNIMOD2025100517104092', 'TECNI00320251001', 'SOLIC00720251001', 'modificar', 1),
('TECNIMOD2025100517104126', 'TECNI00320251001', 'HOJAS00820251001', 'modificar', 1),
('TECNIMOD2025100517104172', 'TECNI00320251001', 'ENTE000920251001', 'modificar', 0),
('TECNIMOD2025100517104234', 'TECNI00320251001', 'UNIDA01120251001', 'modificar', 0),
('TECNIMOD2025100517104296', 'TECNI00320251001', 'DEPEN01020251001', 'modificar', 0),
('TECNIMOD2025100517104361', 'TECNI00320251001', 'CARGO01220251001', 'modificar', 0),
('TECNIMOD2025100517104406', 'TECNI00320251001', 'TIPOS01320251001', 'modificar', 0),
('TECNIMOD2025100517104441', 'TECNI00320251001', 'BIEN001420251001', 'modificar', 0),
('TECNIMOD2025100517104524', 'TECNI00320251001', 'MARCA01620251001', 'modificar', 0),
('TECNIMOD2025100517104583', 'TECNI00320251001', 'CATEG01520251001', 'modificar', 0),
('TECNIMOD2025100517104612', 'TECNI00320251001', 'MATER02420251001', 'modificar', 0),
('TECNIMOD2025100517104656', 'TECNI00320251001', 'EQUIP01720251001', 'modificar', 0),
('TECNIMOD2025100517104757', 'TECNI00320251001', 'SWITC01820251001', 'modificar', 0),
('TECNIMOD2025100517104791', 'TECNI00320251001', 'PATCH01920251001', 'modificar', 0),
('TECNIMOD2025100517104833', 'TECNI00320251001', 'INTER02020251001', 'modificar', 0),
('TECNIMOD2025100517104879', 'TECNI00320251001', 'PUNTO02120251001', 'modificar', 0),
('TECNIMOD2025100517104920', 'TECNI00320251001', 'PISO002220251001', 'modificar', 0),
('TECNIMOD2025100517104953', 'TECNI00320251001', 'OFICIN02320251001', 'modificar', 0),
('TECNIREA2025100517103718', 'TECNI00320251001', 'USUAR00120251001', 'reactivar', 0),
('TECNIREA2025100517103884', 'TECNI00320251001', 'ROL0000220251001', 'reactivar', 0),
('TECNIREA2025100517103906', 'TECNI00320251001', 'EMPLE00520251001', 'reactivar', 0),
('TECNIREA2025100517104056', 'TECNI00320251001', 'TECNI00620251001', 'reactivar', 0),
('TECNIREA2025100517104107', 'TECNI00320251001', 'SOLIC00720251001', 'reactivar', 0),
('TECNIREA2025100517104145', 'TECNI00320251001', 'HOJAS00820251001', 'reactivar', 0),
('TECNIREA2025100517104208', 'TECNI00320251001', 'DEPEN01020251001', 'reactivar', 0),
('TECNIREA2025100517104280', 'TECNI00320251001', 'ENTE000920251001', 'reactivar', 0),
('TECNIREA2025100517104344', 'TECNI00320251001', 'UNIDA01120251001', 'reactivar', 0),
('TECNIREA2025100517104379', 'TECNI00320251001', 'CARGO01220251001', 'reactivar', 0),
('TECNIREA2025100517104415', 'TECNI00320251001', 'TIPOS01320251001', 'reactivar', 0),
('TECNIREA2025100517104464', 'TECNI00320251001', 'BIEN001420251001', 'reactivar', 0),
('TECNIREA2025100517104534', 'TECNI00320251001', 'MARCA01620251001', 'reactivar', 0),
('TECNIREA2025100517104597', 'TECNI00320251001', 'CATEG01520251001', 'reactivar', 0),
('TECNIREA2025100517104680', 'TECNI00320251001', 'EQUIP01720251001', 'reactivar', 0),
('TECNIREA2025100517104735', 'TECNI00320251001', 'MATER02420251001', 'reactivar', 0),
('TECNIREA2025100517104764', 'TECNI00320251001', 'SWITC01820251001', 'reactivar', 0),
('TECNIREA2025100517104808', 'TECNI00320251001', 'PATCH01920251001', 'reactivar', 0),
('TECNIREA2025100517104928', 'TECNI00320251001', 'PISO002220251001', 'reactivar', 0),
('TECNIREA2025100517105070', 'TECNI00320251001', 'OFICIN02320251001', 'reactivar', 0),
('TECNIREG2025100517103722', 'TECNI00320251001', 'ROL0000220251001', 'registrar', 0),
('TECNIREG2025100517103780', 'TECNI00320251001', 'USUAR00120251001', 'registrar', 0),
('TECNIREG2025100517103919', 'TECNI00320251001', 'TECNI00620251001', 'registrar', 0),
('TECNIREG2025100517103969', 'TECNI00320251001', 'EMPLE00520251001', 'registrar', 0),
('TECNIREG2025100517104064', 'TECNI00320251001', 'SOLIC00720251001', 'registrar', 1),
('TECNIREG2025100517104112', 'TECNI00320251001', 'HOJAS00820251001', 'registrar', 0),
('TECNIREG2025100517104156', 'TECNI00320251001', 'ENTE000920251001', 'registrar', 0),
('TECNIREG2025100517104217', 'TECNI00320251001', 'UNIDA01120251001', 'registrar', 0),
('TECNIREG2025100517104287', 'TECNI00320251001', 'DEPEN01020251001', 'registrar', 0),
('TECNIREG2025100517104344', 'TECNI00320251001', 'CARGO01220251001', 'registrar', 0),
('TECNIREG2025100517104390', 'TECNI00320251001', 'TIPOS01320251001', 'registrar', 0),
('TECNIREG2025100517104425', 'TECNI00320251001', 'BIEN001420251001', 'registrar', 0),
('TECNIREG2025100517104469', 'TECNI00320251001', 'CATEG01520251001', 'registrar', 0),
('TECNIREG2025100517104512', 'TECNI00320251001', 'MARCA01620251001', 'registrar', 0),
('TECNIREG2025100517104535', 'TECNI00320251001', 'EQUIP01720251001', 'registrar', 0),
('TECNIREG2025100517104691', 'TECNI00320251001', 'MATER02420251001', 'registrar', 0),
('TECNIREG2025100517104744', 'TECNI00320251001', 'SWITC01820251001', 'registrar', 0),
('TECNIREG2025100517104770', 'TECNI00320251001', 'PATCH01920251001', 'registrar', 0),
('TECNIREG2025100517104817', 'TECNI00320251001', 'INTER02020251001', 'registrar', 0),
('TECNIREG2025100517104859', 'TECNI00320251001', 'PUNTO02120251001', 'registrar', 0),
('TECNIREG2025100517104906', 'TECNI00320251001', 'PISO002220251001', 'registrar', 0),
('TECNIREG2025100517104934', 'TECNI00320251001', 'OFICIN02320251001', 'registrar', 0),
('TECNIVER2025100517103798', 'TECNI00320251001', 'USUAR00120251001', 'ver', 0),
('TECNIVER2025100517103834', 'TECNI00320251001', 'ROL0000220251001', 'ver', 0),
('TECNIVER2025100517103889', 'TECNI00320251001', 'BITAC00320251001', 'ver', 0),
('TECNIVER2025100517103898', 'TECNI00320251001', 'MANTE00420251001', 'ver', 0),
('TECNIVER2025100517103940', 'TECNI00320251001', 'MODSI02520251001', 'ver', 0),
('TECNIVER2025100517103977', 'TECNI00320251001', 'EMPLE00520251001', 'ver', 0),
('TECNIVER2025100517104022', 'TECNI00320251001', 'TECNI00620251001', 'ver', 0),
('TECNIVER2025100517104075', 'TECNI00320251001', 'SOLIC00720251001', 'ver_solicitud', 1),
('TECNIVER2025100517104082', 'TECNI00320251001', 'SOLIC00720251001', 'ver_mi_solicitud', 1),
('TECNIVER2025100517104118', 'TECNI00320251001', 'HOJAS00820251001', 'ver', 1),
('TECNIVER2025100517104161', 'TECNI00320251001', 'ENTE000920251001', 'ver', 0),
('TECNIVER2025100517104226', 'TECNI00320251001', 'UNIDA01120251001', 'ver', 0),
('TECNIVER2025100517104294', 'TECNI00320251001', 'DEPEN01020251001', 'ver', 0),
('TECNIVER2025100517104349', 'TECNI00320251001', 'CARGO01220251001', 'ver', 0),
('TECNIVER2025100517104395', 'TECNI00320251001', 'TIPOS01320251001', 'ver', 0),
('TECNIVER2025100517104433', 'TECNI00320251001', 'BIEN001420251001', 'ver', 0),
('TECNIVER2025100517104476', 'TECNI00320251001', 'CATEG01520251001', 'ver', 0),
('TECNIVER2025100517104517', 'TECNI00320251001', 'MARCA01620251001', 'ver', 0),
('TECNIVER2025100517104606', 'TECNI00320251001', 'MATER02420251001', 'ver', 1),
('TECNIVER2025100517104648', 'TECNI00320251001', 'EQUIP01720251001', 'ver', 1),
('TECNIVER2025100517104756', 'TECNI00320251001', 'SWITC01820251001', 'ver', 0),
('TECNIVER2025100517104782', 'TECNI00320251001', 'PATCH01920251001', 'ver', 0),
('TECNIVER2025100517104822', 'TECNI00320251001', 'INTER02020251001', 'ver', 1),
('TECNIVER2025100517104864', 'TECNI00320251001', 'PUNTO02120251001', 'ver', 1),
('TECNIVER2025100517104909', 'TECNI00320251001', 'PISO002220251001', 'ver', 0),
('TECNIVER2025100517104939', 'TECNI00320251001', 'OFICIN02320251001', 'ver', 0),
('VISITCAR2025100519101311', 'VISIT9412025100519101141', 'MODSI02520251001', 'cargar', 0),
('VISITCOM2025100519101317', 'VISIT9412025100519101141', 'MODSI02520251001', 'comprobar', 0),
('VISITELI2025100519101229', 'VISIT9412025100519101141', 'USUAR00120251001', 'eliminar', 0),
('VISITELI2025100519101253', 'VISIT9412025100519101141', 'ROL0000220251001', 'eliminar', 0),
('VISITELI2025100519101302', 'VISIT9412025100519101141', 'MANTE00420251001', 'eliminar', 0),
('VISITELI2025100519101446', 'VISIT9412025100519101141', 'EMPLE00520251001', 'eliminar', 0),
('VISITELI2025100519101486', 'VISIT9412025100519101141', 'TECNI00620251001', 'eliminar', 0);
INSERT INTO `permiso` (`id_permiso`, `id_rol`, `id_modulo`, `accion_permiso`, `estado`) VALUES
('VISITELI2025100519101536', 'VISIT9412025100519101141', 'SOLIC00720251001', 'eliminar', 0),
('VISITELI2025100519101621', 'VISIT9412025100519101141', 'ENTE000920251001', 'eliminar', 0),
('VISITELI2025100519101681', 'VISIT9412025100519101141', 'HOJAS00820251001', 'eliminar', 0),
('VISITELI2025100519101737', 'VISIT9412025100519101141', 'UNIDA01120251001', 'eliminar', 0),
('VISITELI2025100519101783', 'VISIT9412025100519101141', 'DEPEN01020251001', 'eliminar', 0),
('VISITELI2025100519101817', 'VISIT9412025100519101141', 'TIPOS01320251001', 'eliminar', 0),
('VISITELI2025100519101881', 'VISIT9412025100519101141', 'CARGO01220251001', 'eliminar', 0),
('VISITELI2025100519101953', 'VISIT9412025100519101141', 'BIEN001420251001', 'eliminar', 0),
('VISITELI2025100519101984', 'VISIT9412025100519101141', 'CATEG01520251001', 'eliminar', 0),
('VISITELI2025100519102021', 'VISIT9412025100519101141', 'MARCA01620251001', 'eliminar', 0),
('VISITELI2025100519102058', 'VISIT9412025100519101141', 'EQUIP01720251001', 'eliminar', 0),
('VISITELI2025100519102230', 'VISIT9412025100519101141', 'SWITC01820251001', 'eliminar', 0),
('VISITELI2025100519102281', 'VISIT9412025100519101141', 'MATER02420251001', 'eliminar', 0),
('VISITELI2025100519102302', 'VISIT9412025100519101141', 'INTER02020251001', 'eliminar', 0),
('VISITELI2025100519102380', 'VISIT9412025100519101141', 'PATCH01920251001', 'eliminar', 0),
('VISITELI2025100519102438', 'VISIT9412025100519101141', 'PUNTO02120251001', 'eliminar', 0),
('VISITELI2025100519102464', 'VISIT9412025100519101141', 'PISO002220251001', 'eliminar', 0),
('VISITELI2025100519102592', 'VISIT9412025100519101141', 'OFICIN02320251001', 'eliminar', 0),
('VISITEXP2025100519101387', 'VISIT9412025100519101141', 'MANTE00420251001', 'exportar', 0),
('VISITHIS2025100519102129', 'VISIT9412025100519101141', 'EQUIP01720251001', 'historial', 0),
('VISITHIS2025100519102214', 'VISIT9412025100519101141', 'MATER02420251001', 'historial', 0),
('VISITIMP2025100519101392', 'VISIT9412025100519101141', 'MANTE00420251001', 'importar', 0),
('VISITMOD2025100519101228', 'VISIT9412025100519101141', 'USUAR00120251001', 'modificar', 0),
('VISITMOD2025100519101248', 'VISIT9412025100519101141', 'ROL0000220251001', 'modificar', 0),
('VISITMOD2025100519101441', 'VISIT9412025100519101141', 'EMPLE00520251001', 'modificar', 0),
('VISITMOD2025100519101476', 'VISIT9412025100519101141', 'TECNI00620251001', 'modificar', 0),
('VISITMOD2025100519101536', 'VISIT9412025100519101141', 'SOLIC00720251001', 'modificar', 0),
('VISITMOD2025100519101576', 'VISIT9412025100519101141', 'HOJAS00820251001', 'modificar', 0),
('VISITMOD2025100519101606', 'VISIT9412025100519101141', 'ENTE000920251001', 'modificar', 0),
('VISITMOD2025100519101725', 'VISIT9412025100519101141', 'UNIDA01120251001', 'modificar', 0),
('VISITMOD2025100519101772', 'VISIT9412025100519101141', 'DEPEN01020251001', 'modificar', 0),
('VISITMOD2025100519101813', 'VISIT9412025100519101141', 'TIPOS01320251001', 'modificar', 0),
('VISITMOD2025100519101875', 'VISIT9412025100519101141', 'CARGO01220251001', 'modificar', 0),
('VISITMOD2025100519101952', 'VISIT9412025100519101141', 'BIEN001420251001', 'modificar', 0),
('VISITMOD2025100519101980', 'VISIT9412025100519101141', 'CATEG01520251001', 'modificar', 0),
('VISITMOD2025100519102017', 'VISIT9412025100519101141', 'MARCA01620251001', 'modificar', 0),
('VISITMOD2025100519102052', 'VISIT9412025100519101141', 'EQUIP01720251001', 'modificar', 0),
('VISITMOD2025100519102110', 'VISIT9412025100519101141', 'MATER02420251001', 'modificar', 0),
('VISITMOD2025100519102225', 'VISIT9412025100519101141', 'SWITC01820251001', 'modificar', 0),
('VISITMOD2025100519102365', 'VISIT9412025100519101141', 'PATCH01920251001', 'modificar', 0),
('VISITMOD2025100519102398', 'VISIT9412025100519101141', 'INTER02020251001', 'modificar', 0),
('VISITMOD2025100519102433', 'VISIT9412025100519101141', 'PUNTO02120251001', 'modificar', 0),
('VISITMOD2025100519102459', 'VISIT9412025100519101141', 'PISO002220251001', 'modificar', 0),
('VISITMOD2025100519102590', 'VISIT9412025100519101141', 'OFICIN02320251001', 'modificar', 0),
('VISITREA2025100519101231', 'VISIT9412025100519101141', 'USUAR00120251001', 'reactivar', 0),
('VISITREA2025100519101359', 'VISIT9412025100519101141', 'ROL0000220251001', 'reactivar', 0),
('VISITREA2025100519101446', 'VISIT9412025100519101141', 'EMPLE00520251001', 'reactivar', 0),
('VISITREA2025100519101496', 'VISIT9412025100519101141', 'TECNI00620251001', 'reactivar', 0),
('VISITREA2025100519101551', 'VISIT9412025100519101141', 'SOLIC00720251001', 'reactivar', 0),
('VISITREA2025100519101632', 'VISIT9412025100519101141', 'ENTE000920251001', 'reactivar', 0),
('VISITREA2025100519101686', 'VISIT9412025100519101141', 'HOJAS00820251001', 'reactivar', 0),
('VISITREA2025100519101749', 'VISIT9412025100519101141', 'UNIDA01120251001', 'reactivar', 0),
('VISITREA2025100519101783', 'VISIT9412025100519101141', 'DEPEN01020251001', 'reactivar', 0),
('VISITREA2025100519101823', 'VISIT9412025100519101141', 'TIPOS01320251001', 'reactivar', 0),
('VISITREA2025100519101892', 'VISIT9412025100519101141', 'CARGO01220251001', 'reactivar', 0),
('VISITREA2025100519101960', 'VISIT9412025100519101141', 'BIEN001420251001', 'reactivar', 0),
('VISITREA2025100519101996', 'VISIT9412025100519101141', 'CATEG01520251001', 'reactivar', 0),
('VISITREA2025100519102027', 'VISIT9412025100519101141', 'MARCA01620251001', 'reactivar', 0),
('VISITREA2025100519102129', 'VISIT9412025100519101141', 'EQUIP01720251001', 'reactivar', 0),
('VISITREA2025100519102214', 'VISIT9412025100519101141', 'MATER02420251001', 'reactivar', 0),
('VISITREA2025100519102243', 'VISIT9412025100519101141', 'SWITC01820251001', 'reactivar', 0),
('VISITREA2025100519102385', 'VISIT9412025100519101141', 'PATCH01920251001', 'reactivar', 0),
('VISITREA2025100519102469', 'VISIT9412025100519101141', 'PISO002220251001', 'reactivar', 0),
('VISITREA2025100519102597', 'VISIT9412025100519101141', 'OFICIN02320251001', 'reactivar', 0),
('VISITREG2025100519101222', 'VISIT9412025100519101141', 'USUAR00120251001', 'registrar', 0),
('VISITREG2025100519101232', 'VISIT9412025100519101141', 'ROL0000220251001', 'registrar', 0),
('VISITREG2025100519101426', 'VISIT9412025100519101141', 'EMPLE00520251001', 'registrar', 0),
('VISITREG2025100519101461', 'VISIT9412025100519101141', 'TECNI00620251001', 'registrar', 0),
('VISITREG2025100519101511', 'VISIT9412025100519101141', 'SOLIC00720251001', 'registrar', 0),
('VISITREG2025100519101556', 'VISIT9412025100519101141', 'HOJAS00820251001', 'registrar', 0),
('VISITREG2025100519101642', 'VISIT9412025100519101141', 'DEPEN01020251001', 'registrar', 0),
('VISITREG2025100519101696', 'VISIT9412025100519101141', 'ENTE000920251001', 'registrar', 0),
('VISITREG2025100519101761', 'VISIT9412025100519101141', 'CARGO01220251001', 'registrar', 0),
('VISITREG2025100519101793', 'VISIT9412025100519101141', 'UNIDA01120251001', 'registrar', 0),
('VISITREG2025100519101898', 'VISIT9412025100519101141', 'TIPOS01320251001', 'registrar', 0),
('VISITREG2025100519101933', 'VISIT9412025100519101141', 'BIEN001420251001', 'registrar', 0),
('VISITREG2025100519101970', 'VISIT9412025100519101141', 'CATEG01520251001', 'registrar', 0),
('VISITREG2025100519102003', 'VISIT9412025100519101141', 'MARCA01620251001', 'registrar', 0),
('VISITREG2025100519102038', 'VISIT9412025100519101141', 'EQUIP01720251001', 'registrar', 0),
('VISITREG2025100519102109', 'VISIT9412025100519101141', 'MATER02420251001', 'registrar', 0),
('VISITREG2025100519102215', 'VISIT9412025100519101141', 'SWITC01820251001', 'registrar', 0),
('VISITREG2025100519102251', 'VISIT9412025100519101141', 'PATCH01920251001', 'registrar', 0),
('VISITREG2025100519102309', 'VISIT9412025100519101141', 'PUNTO02120251001', 'registrar', 0),
('VISITREG2025100519102387', 'VISIT9412025100519101141', 'INTER02020251001', 'registrar', 0),
('VISITREG2025100519102449', 'VISIT9412025100519101141', 'PISO002220251001', 'registrar', 0),
('VISITREG2025100519102475', 'VISIT9412025100519101141', 'OFICIN02320251001', 'registrar', 0),
('VISITVER2025100519101223', 'VISIT9412025100519101141', 'USUAR00120251001', 'ver', 0),
('VISITVER2025100519101242', 'VISIT9412025100519101141', 'ROL0000220251001', 'ver', 0),
('VISITVER2025100519101304', 'VISIT9412025100519101141', 'MODSI02520251001', 'ver', 0),
('VISITVER2025100519101359', 'VISIT9412025100519101141', 'BITAC00320251001', 'ver', 0),
('VISITVER2025100519101372', 'VISIT9412025100519101141', 'MANTE00420251001', 'ver', 0),
('VISITVER2025100519101436', 'VISIT9412025100519101141', 'EMPLE00520251001', 'ver', 0),
('VISITVER2025100519101476', 'VISIT9412025100519101141', 'TECNI00620251001', 'ver', 0),
('VISITVER2025100519101526', 'VISIT9412025100519101141', 'SOLIC00720251001', 'ver_solicitud', 0),
('VISITVER2025100519101538', 'VISIT9412025100519101141', 'SOLIC00720251001', 'ver_mi_solicitud', 1),
('VISITVER2025100519101566', 'VISIT9412025100519101141', 'HOJAS00820251001', 'ver', 0),
('VISITVER2025100519101606', 'VISIT9412025100519101141', 'ENTE000920251001', 'ver', 0),
('VISITVER2025100519101657', 'VISIT9412025100519101141', 'DEPEN01020251001', 'ver', 0),
('VISITVER2025100519101721', 'VISIT9412025100519101141', 'UNIDA01120251001', 'ver', 0),
('VISITVER2025100519101808', 'VISIT9412025100519101141', 'TIPOS01320251001', 'ver', 0),
('VISITVER2025100519101870', 'VISIT9412025100519101141', 'CARGO01220251001', 'ver', 0),
('VISITVER2025100519101946', 'VISIT9412025100519101141', 'BIEN001420251001', 'ver', 0),
('VISITVER2025100519101977', 'VISIT9412025100519101141', 'CATEG01520251001', 'ver', 0),
('VISITVER2025100519102008', 'VISIT9412025100519101141', 'MARCA01620251001', 'ver', 0),
('VISITVER2025100519102046', 'VISIT9412025100519101141', 'EQUIP01720251001', 'ver', 0),
('VISITVER2025100519102160', 'VISIT9412025100519101141', 'MATER02420251001', 'ver', 0),
('VISITVER2025100519102219', 'VISIT9412025100519101141', 'SWITC01820251001', 'ver', 0),
('VISITVER2025100519102358', 'VISIT9412025100519101141', 'PATCH01920251001', 'ver', 0),
('VISITVER2025100519102393', 'VISIT9412025100519101141', 'INTER02020251001', 'ver', 0),
('VISITVER2025100519102412', 'VISIT9412025100519101141', 'PUNTO02120251001', 'ver', 0),
('VISITVER2025100519102455', 'VISIT9412025100519101141', 'PISO002220251001', 'ver', 0),
('VISITVER2025100519102478', 'VISIT9412025100519101141', 'OFICIN02320251001', 'ver', 0);

-- --------------------------------------------------------

--
-- Estructura de tabla para la tabla `rol`
--

CREATE TABLE `rol` (
  `id_rol` varchar(24) NOT NULL,
  `nombre_rol` varchar(45) CHARACTER SET utf8 COLLATE utf8_bin NOT NULL,
  `estatus` int(1) NOT NULL DEFAULT 1
) ENGINE=InnoDB DEFAULT CHARSET=utf8mb4 COLLATE=utf8mb4_general_ci;

--
-- Volcado de datos para la tabla `rol`
--

INSERT INTO `rol` (`id_rol`, `nombre_rol`, `estatus`) VALUES
('ADMIN00220251001', 'ADMINISTRADOR', 1),
('SECRE00420251001', 'SECRETARIA', 1),
('SOLIC00520251001', 'SOLICITANTE', 1),
('SUPER00120251001', 'SUPERUSUARIO', 1),
('TECNI00320251001', 'TECNICO', 1),
('VISIT9412025100519101141', 'VISITANTE', 1);

-- --------------------------------------------------------

--
-- Estructura de tabla para la tabla `usuario`
--

CREATE TABLE `usuario` (
  `nombre_usuario` varchar(45) CHARACTER SET ascii COLLATE ascii_general_ci NOT NULL,
  `cedula` varchar(12) NOT NULL,
  `id_rol` varchar(24) NOT NULL,
  `nombres` varchar(65) NOT NULL,
  `apellidos` varchar(65) NOT NULL,
  `telefono` varchar(13) NOT NULL,
  `correo` varchar(45) NOT NULL,
  `clave` varchar(128) NOT NULL,
  `foto` varchar(50) NOT NULL,
  `tema` int(11) NOT NULL DEFAULT 0,
  `estatus` int(1) NOT NULL DEFAULT 1
) ENGINE=InnoDB DEFAULT CHARSET=utf8mb4 COLLATE=utf8mb4_general_ci;

--
-- Volcado de datos para la tabla `usuario`
--

INSERT INTO `usuario` (`nombre_usuario`, `cedula`, `id_rol`, `nombres`, `apellidos`, `telefono`, `correo`, `clave`, `foto`, `tema`, `estatus`) VALUES
('root', 'V-00000000', 'SUPER00120251001', 'root', 'admin', '0000-0000000', 'prueba@gmail.com', '$2y$10$ej89Ej2zeA./y6b1i3GtR.Sc75.iox1LgXz9xDGyVjUz.4Q8lLB5q', '', 0, 1);

--
-- Índices para tablas volcadas
--

--
-- Indices de la tabla `bitacora`
--
ALTER TABLE `bitacora`
  ADD PRIMARY KEY (`id_bitacora`),
  ADD KEY `usuario` (`usuario`);

--
-- Indices de la tabla `modulo`
--
ALTER TABLE `modulo`
  ADD PRIMARY KEY (`id_modulo`);

--
-- Indices de la tabla `notificacion`
--
ALTER TABLE `notificacion`
  ADD PRIMARY KEY (`id`),
  ADD KEY `usuario` (`usuario`);

--
-- Indices de la tabla `permiso`
--
ALTER TABLE `permiso`
  ADD PRIMARY KEY (`id_permiso`),
  ADD KEY `id_rol` (`id_rol`),
  ADD KEY `id_modulo` (`id_modulo`);

--
-- Indices de la tabla `rol`
--
ALTER TABLE `rol`
  ADD PRIMARY KEY (`id_rol`);

--
-- Indices de la tabla `usuario`
--
ALTER TABLE `usuario`
  ADD PRIMARY KEY (`nombre_usuario`),
  ADD UNIQUE KEY `cedula` (`cedula`),
  ADD UNIQUE KEY `cedula_2` (`cedula`),
  ADD KEY `id_rol` (`id_rol`);

--
-- AUTO_INCREMENT de las tablas volcadas
--

--
-- AUTO_INCREMENT de la tabla `notificacion`
--
ALTER TABLE `notificacion`
  MODIFY `id` int(11) NOT NULL AUTO_INCREMENT, AUTO_INCREMENT=3;

--
-- Restricciones para tablas volcadas
--

--
-- Filtros para la tabla `bitacora`
--
ALTER TABLE `bitacora`
  ADD CONSTRAINT `bitacora_ibfk_1` FOREIGN KEY (`usuario`) REFERENCES `usuario` (`nombre_usuario`) ON DELETE SET NULL ON UPDATE CASCADE;

--
-- Filtros para la tabla `notificacion`
--
ALTER TABLE `notificacion`
  ADD CONSTRAINT `notificacion_ibfk_1` FOREIGN KEY (`usuario`) REFERENCES `usuario` (`nombre_usuario`) ON DELETE CASCADE ON UPDATE CASCADE;

--
-- Filtros para la tabla `permiso`
--
ALTER TABLE `permiso`
  ADD CONSTRAINT `permiso_ibfk_2` FOREIGN KEY (`id_rol`) REFERENCES `rol` (`id_rol`) ON DELETE CASCADE ON UPDATE CASCADE,
  ADD CONSTRAINT `permiso_ibfk_3` FOREIGN KEY (`id_modulo`) REFERENCES `modulo` (`id_modulo`) ON DELETE CASCADE ON UPDATE CASCADE;

--
-- Filtros para la tabla `usuario`
--
ALTER TABLE `usuario`
  ADD CONSTRAINT `usuario_ibfk_1` FOREIGN KEY (`id_rol`) REFERENCES `rol` (`id_rol`) ON DELETE CASCADE ON UPDATE CASCADE;
COMMIT;

/*!40101 SET CHARACTER_SET_CLIENT=@OLD_CHARACTER_SET_CLIENT */;
/*!40101 SET CHARACTER_SET_RESULTS=@OLD_CHARACTER_SET_RESULTS */;
/*!40101 SET COLLATION_CONNECTION=@OLD_COLLATION_CONNECTION */;
